message_id,symbol,pair,signal_text,suspicious_update_count,suspicious_update_ids,suspicious_update_texts
5549,HBAR,USDT,"Coin: #HBAR/USDT

Short Set-Up 

Leverage: 5-10x

#HBAR already breaked down the symmetrical triangle and looking bearish.

Entry: 0.275 - 0.285$(Enter partially)

Targets: 0.266 - 0.260 - 0.254 - 0.248 - 0.235 - 0.222 - 0.210$(Short-mid term)

Stop-loss: 0.295$",1,[5550],"[""Market is very volatile now. So use low leverage and low amount of your capital as per your Risk management . Don't wait for all Targets(even after first Target),\xa0 book profits Partially""]"
5586,BNB,USDT,"Coin: #BNB/USDT

Long Set-Up 

Leverage: 5-10x

#BNB looking Bullish after break out🔥

Entry: 695 - 684$(Buy partially)

Targets: 710 - 724 - 740 - 756 - 776 - 800$(Short term)

Stop-loss: 668$",2,"[5587, 5597]","[""Market is very volatile now. So use low leverage and low amount of your capital as per your Risk management . Don't wait for all Targets(even after first Target),\xa0 book profits Partially"", '#BNB/USDT Analysis:\n\nBNB is consolidating within a symmetrical triangle, signaling a potential breakout soon. Both bullish and bearish scenarios are in play, so keep an eye on it!\n\n🎯 Breakout Targets:\n🔼 Bullish:\n\nTarget 1: $740\n\nTarget 2: $760\n\nTarget 3: $800\n\n🔽 Bearish:\n\nTarget 1: $660\n\nTarget 2: $620\n\nWait for confirmation of a breakout✔️']"
5590,DYDX,USDT,"Coin: #DYDX/USDT

Long Set-Up 

Leverage: 5-10x

#DYDX already breaked out the Symmetrical traingle and looking Bullish.

Entry: 1.185 - 1.160$(Buy partially)

Targets: 1.220 - 1.250 - 1.280 - 1.310 - 1.370 - 1.450$(Short-mid term)

Stop-loss: 1.140$",1,[5591],"[""Market is very volatile now. So use low leverage and low amount of your capital as per your Risk management . Don't wait for all Targets(even after first Target),\xa0 book profits Partially""]"
5599,KSM,USDT,"Coin: #KSM/USDT

Long Set-Up 

Leverage: 5-10x

#KSM already breaked out the Symmetrical traingle and looking Bullish.

Entry: 27.9 - 27.6$(Buy partially)

Targets: 28.6 - 29.2 - 29.8 - 30.4 - 31.6 - 33$(Short term)

Stop-loss: 27.2$",2,"[5600, 5605]","[""Market is very volatile now. So use low leverage and low amount of your capital as per your Risk management . Don't wait for all Targets(even after first Target),\xa0 book profits Partially"", 'Stop Loss hit after Target 1 hit✅\n\n30% Profits booked with 10x Leverage']"
5601,INJ,USDT,"Coin: #INJ/USDT

Long Set-Up 

Leverage: 5-10x

#INJ already breaked out the Symmetrical traingle and looking Bullish.

Entry: 21.180 - 20.900$(Buy partially)

Targets: 21.600 - 22.100 - 22.600 - 23.200 - 24.100 - 25.000$(Short term)

Stop-loss: 20.700$",1,[5602],"[""Market is very volatile now. So use low leverage and low amount of your capital as per your Risk management . Don't wait for all Targets(even after first Target),\xa0 book profits Partially""]"
5626,XMR,USDT,"Coin: #XMR/USDT

Long Set-Up 

Leverage: 5-10x

#XMR already breaked out the inverse Cup and handle pattern and looking Bullish.

Entry: 239.4 - 232.5$(Buy partially)

Targets: 246 - 252 - 258 - 264 - 278 - 290 - 300$(Short term)

Stop-loss: 225$",0,[],[]
5639,APT,USDT,"Coin: #APT/USDT

Long Set-Up 

Leverage: 5-10x

#APT already breaked out the Falling wedge pattern and looking Bullish.

Entry: 5.98 - 5.85$(Buy partially)

Targets: 6.10 - 6.25 - 6.40 - 6.55 - 6.90$(Short term)

Stop-loss: 5.70$",1,[5640],"[""Market is very volatile now. So use low leverage and low amount of your capital as per your Risk management . Don't wait for all Targets(even after first Target),\xa0 book profits Partially""]"
5646,BAL,USDT,"Coin: #BAL/USDT

Long Set-Up 

Leverage: 5-10x

#BAL already breaked out the Symmetrical traingle and looking Bullish.

Entry: 1.94 - 1.90$(Buy partially)

Targets: 2.00 - 2.04 - 2.08 - 2.14 - 2.22 - 2.30$(Short term)

Stop-loss: 1.86$",1,[5647],"[""Market is very volatile now. So use low leverage and low amount of your capital as per your Risk management . Don't wait for all Targets(even after first Target),\xa0 book profits Partially""]"
5667,EGLD,USDT,"Coin: #EGLD/USDT

Long Set-Up 

Leverage: 5-10x

#EGLD already breaked out the Falling wedge pattern and looking Bullish.

Entry: 23.88 - 22.40$(Buy partially)

Targets: 24.40 - 25 - 25.6 - 26.2 - 27.5 - 29 - 30.5 - 32$(Short-mid term)

Stop-loss: 21.00$",1,[5668],"[""Market is very volatile now. So use low leverage and low amount of your capital as per your Risk management . Don't wait for all Targets(even after first Target),\xa0 book profits Partially""]"
5690,NEAR,USDT,"Coin: #NEAR/USDT

Long Set-Up 

Leverage: 5-10x

#NEAR already breaked out the inverse cup and handle pattern and looking Bullish.

Entry: 3.255 - 3.180$(Buy partially)

Targets: 3.340 - 3.420 - 3.500 - 3.580 - 3.750 - 3.880 - 4.000$(Short term)

Stop-loss: 3.100$",2,"[5691, 5697]","[""Market is very volatile now. So use low leverage and low amount of your capital as per your Risk management . Don't wait for all Targets(even after first Target),\xa0 book profits Partially"", '#NEAR/USDT UPDATE:\n\nTargets 1,2,3 done nicely✔️\n\nSo far 100% Profits with 10x leverage🤑\n\nEnjoy the profits Guys🍾🍾']"
5701,GMT,USDT,"Coin: #GMT/USDT

Long Set-Up 

Leverage: 5-10x

#GMT already breaked out the Symmetrical traingle and looking Bullish.

Entry: 0.0637 - 0.0620$(Buy partially)

Targets: 0.0655 - 0.0670 - 0.0685 - 0.0700 - 0.0730 - 0.0755 - 0.0780$(Short term)

Stop-loss: 0.0605$",0,[],[]
5705,BCH,USDT,"Coin: #BCH/USDT

Long Set-Up 

Leverage: 5-10x

#BCH already breaked out the Falling wedge pattern and looking Bullish.

Entry: 391.2 - 360$(Buy partially)

Targets: 402.5 - 412.5 - 422.5 - 432 - 456 - 477 - 500$(Short-mid term)

Stop-loss: 330$",1,[5706],"[""Market is very volatile now. So use low leverage and low amount of your capital as per your Risk management . Don't wait for all Targets(even after first Target),\xa0 book profits Partially""]"
5750,AAVE,USDT,"Coin: #AAVE/USDT

Long Set-Up 

Leverage: 5-10x

#AAVE already breaked out the Falling wedge pattern and looking Bullish.

Entry: 192.85 - 184$(Buy partially)

Targets: 198 - 202 - 208 - 214 - 226 - 238 - 249 - 260$(Short-mid term)

Stop-loss: 172$",1,[5751],"[""Market is very volatile now. So use low leverage and low amount of your capital as per your Risk management . Don't wait for all Targets(even after first Target),\xa0 book profits Partially""]"
5754,LTC,USDT,"Coin: #LTC/USDT

Long Set-Up 

Leverage: 5-10x

#LTC already breaked out the Ascending triangle and looking Bullish.

Entry: 95.04 - 94$(Buy partially)

Targets: 97 - 99 - 101 - 103.5 - 108 - 112$(Short term)

Stop-loss: 93$",1,[5755],"[""Market is very volatile now. So use low leverage and low amount of your capital as per your Risk management . Don't wait for all Targets(even after first Target),\xa0 book profits Partially""]"
5757,IP,USDT,"Coin: #IP/USDT

Long Set-Up 

Leverage: 5-10x

#IP already breaked out the Symmetrical traingle and looking Bullish.

Entry: 6.41 - 6.00$(Buy partially)

Targets: 6.75 - 7.00 - 7.20 - 7.60 - 8.00 - 8.50$(Short-mid term)

Stop-loss: 5.80$",0,[],[]
5794,IOTA,USDT,"Coin: #IOTA/USDT

Long Set-Up 

Leverage: 5-10x

#IOTA already breaked out the Falling wedge pattern and looking Bullish.

Entry: 0.1703 - 0.1600$(Buy partially)

Targets: 0.1760 - 0.1820 - 0.1880 - 0.1960 - 0.2100 - 0.2200 - 0.2300$(Short-mid term)

Stop-loss: 0.1500$",1,[5795],"[""Market is very volatile now. So use low leverage and low amount of your capital as per your Risk management . Don't wait for all Targets(even after first Target),\xa0 book profits Partially""]"
5875,ROSE,USDT,"Coin: #ROSE/USDT

Long Set-Up 

Leverage: 5-10x

#ROSE already breaked out the Inverse head and shoulder pattern and looking Bullish.

Entry: 0.03087 - 0.02980$(Buy partially)

Targets: 0.03150 - 0.03220 - 0.03300 - 0.03380 - 0.03600 - 0.03800$(Short-mid term)

Stop-loss: 0.02850$",2,"[5876, 5877]","[""Market is very volatile now. So use low leverage and low amount of your capital as per your Risk management . Don't wait for all Targets(even after first Target),\xa0 book profits Partially"", '#ROSE/USDT UPDATE:\n\nTp 1 done nicely✔️ 25% Profits booked with 10x Lev \n\nClose position now.']"
5887,CHR,USDT,"Coin: #CHR/USDT

Long Set-Up 

Leverage: 5-10x

#CHR already breaked out Downtrend channel and looking Bullish.

Entry: 0.0988 - 0.0940$(Buy partially)

Targets: 0.1020 - 0.1045 - 0.1070 - 0.1100 - 0.1160 - 0.1220 - 0.1300 - 0.1400$(Short-mid term)

Stop-loss: 0.0880$",1,[5888],"[""Market is very volatile now. So use low leverage and low amount of your capital as per your Risk management . Don't wait for all Targets(even after first Target),\xa0 book profits Partially""]"
5897,ONDO,USDT,"Coin: #ONDOUSDT

Short Set-Up 

Leverage: 5-10x

#ONDO already breaked down the Head and shoulder pattern and looking bearish.

Entry: 0.8599 - 0.8743$(Enter partially)

Targets: 0.8350 - 0.8150 - 0.7950 - 0.7750 - 0.7450 - 0.7200$(Short term)

Stop-loss: 0.9000$",1,[5898],"[""Market is very volatile now. So use low leverage and low amount of your capital as per your Risk management . Don't wait for all Targets(even after first Target),\xa0 book profits Partially""]"
6017,CHR,USDT,"Coin: #CHRUSDT

Short Set-Up 

Leverage: 5-10x

#CHR already breaked down the Inverse cup and handle pattern and looking bearish.

Entry: 0.0952 - 0.0980$(Enter partially)

Targets: 0.0920 - 0.0890 - 0.0860 - 0.0830 - 0.0790 - 0.0750$(Short-mid term)

Stop-loss: 0.1010$",1,[6018],"[""Market is very volatile now. So use low leverage and low amount of your capital as per your Risk management . Don't wait for all Targets(even after first Target),\xa0 book profits Partially""]"
6019,HOOK,USDT,"Coin: #HOOKUSDT

Short Set-Up 

Leverage: 5-10x

#HOOK already breaked down the Inverse cup and handle pattern and looking Bearish.

Entry: 0.1337 - 0.1370$(Enter partially)

Targets: 0.1300 - 0.1270 - 0.1240 - 0.1210 - 0.1150 - 0.1100 - 0.1050$(Short-mid term)

Stop-loss: 0.1420$",1,[6020],"[""Market is very volatile now. So use low leverage and low amount of your capital as per your Risk management . Don't wait for all Targets(even after first Target),\xa0 book profits Partially""]"
6073,XMR,USDT,"Coin: #XMRUSDT

Long Set-Up

Leverage: 5-10x

#XMR already broke out of the ascending triangle and is looking bullish.

Entry: $341.70 - $336 (Buy partially)

Targets: $350 - $358 - $366 - $375 (Short term)

Stop-loss: $332",1,[6074],"[""Market is very volatile now. So use low leverage and low amount of your capital as per your Risk management . Don't wait for all Targets(even after first Target),\xa0 book profits Partially""]"
6129,SXP,USDT,"Coin: #SXPUSDT

Long Set-Up

Leverage: 5-10x

#SXP already broke out of the falling wedge pattern and is looking bullish.

Entry: $0.1754 - $0.1700 (Buy partially)

Targets: $0.1800 - $0.1840 - $0.1880 - $0.1920 - $0.2040 - $0.2160 - $0.2280 - $0.2400 (Short-mid term)

Stop-loss: $0.1660",1,[6130],"[""Market is very volatile now. So use low leverage and low amount of your capital as per your Risk management . Don't wait for all Targets(even after first Target),\xa0 book profits Partially""]"
6162,LAYER,USDT,"Coin: #LAYERUSDT

Short Set-Up

Leverage: 5-10x

#LAYER has already broken down the inverse cup and handle pattern and is looking bearish.

Entry: 0.6278 - 0.6350$ (Enter partially)

Targets: 0.6140 - 0.6020 - 0.5900 - 0.5760 - 0.5500 - 0.5200$ (Short term)

Stop-loss: 0.6450$",1,[6163],"[""Market is very volatile now. So use low leverage and low amount of your capital as per your Risk management . Don't wait for all Targets(even after first Target),\xa0 book profits Partially""]"
6228,QNT,USDT,"Coin: #QNTUSDT

Long Signal

Leverage: 5-10x

#QNT has already broken out of the inverse head and shoulders pattern and is looking bullish.

Entry: 133 - 124$ (Buy partially)

Targets: 137 - 140 - 143 - 146 - 154 - 162 - 170 - 180$ (Short-mid term)

Stoploss: 117.50$",1,[6229],"[""Market is very volatile now. So use low leverage and low amount of your capital as per your Risk management . Don't wait for all Targets(even after first Target),\xa0 book profits Partially""]"
6243,CRV,USDT,"Coin: #CRVUSDT

Long Set-Up

Leverage: 5-10x

#CRV already broke out of the Bull Flag pattern and is looking bullish.

Entry: 1.067 - 1.034$ (Buy partially)

Targets: 1.100 - 1.130 - 1.160 - 1.200 - 1.260 - 1.320 - 1.400$ (Short-mid term)

Stop-loss: 1.000$",1,[6244],"[""Market is very volatile now. So use low leverage and low amount of your capital as per your Risk management . Don't wait for all Targets(even after first Target),\xa0 book profits Partially""]"
6247,REZ,USDT,"Coin: #REZUSDT

Long Set-Up

Leverage: 5-10x

#REZ already broke out of the falling wedge pattern and is looking bullish.

Entry: 0.01308 - 0.01280$ (Buy partially)

Targets: 0.01340 - 0.01380 - 0.01410 - 0.01440 - 0.01520 - 0.01600 - 0.01700$ (Short term)

Stoploss: 0.01240$",2,"[6248, 6252]","[""Market is very volatile now. So use low leverage and low amount of your capital as per your Risk management . Don't wait for all Targets(even after first Target),\xa0 book profits Partially"", '#REZUSDT UPDATE:\n\nTargets 1, 2, 3, 4, and 5 done nicely. ✔️\n\nSo far, 170% profits with 10x leverage. 🤑\n\nEnjoy the profits, guys! 🍾🍾\n\nHope you guys recovered previous trade losses in this trade. 💯']"
6265,SWARMS,USDT,"Coin: #SWARMSUSDT

Long Set-Up

Leverage: 5-10x

#SWARMS already broke out of the falling wedge pattern and is looking bullish.

Entry: 0.02040 - 0.02000$ (Buy partially)

Targets: 0.02100 - 0.02160 - 0.02220 - 0.02280 - 0.02380 - 0.02500$ (Short-mid term)

Stoploss: 0.01940$",1,[6266],"[""Market is very volatile now. So use low leverage and low amount of your capital as per your Risk management . Don't wait for all Targets(even after first Target),\xa0 book profits Partially""]"
6280,1000LUNC,USDT,"Coin: #1000LUNCUSDT

Long Set-Up

Leverage: 5-10x

#LUNC already broke out of the falling wedge pattern and is looking bullish.

Entry: 0.05960 - 0.05850$ (Buy partially)

Targets: 0.06100 - 0.06250 - 0.06400 - 0.06550 - 0.06800$ (Short term)

Stop-loss: 0.05750$",1,[6281],"[""Market is very volatile now. So use low leverage and low amount of your capital as per your Risk management . Don't wait for all Targets(even after first Target),\xa0 book profits Partially""]"
6284,HMSTR,USDT,"Coin: #HMSTRUSDT

Long Set-Up

Leverage: 5-10x

#HMSTR has already broken out of the cup and handle pattern and is looking bullish.

Entry: 0.0007460 - 0.0007420$ (Buy partially)

Targets: 0.0007620 - 0.0007800 - 0.0007950 - 0.0008100$ (Scalp Signal)

Stoploss: 0.0007320$",1,[6285],"[""Market is very volatile now. So use low leverage and low amount of your capital as per your Risk management . Don't wait for all Targets(even after first Target),\xa0 book profits Partially""]"
6288,IOTX,USDT,"Coin: #IOTXUSDT

Long Set-Up

Leverage: 5-10x

#IOTX has already broken out of the ascending triangle and is looking bullish.

Entry: 0.03090 - 0.03000$ (Buy partially)

Targets: 0.03160 - 0.03240 - 0.03320 - 0.03400 - 0.03600$ (Short-mid term)

Stop-loss: 0.02950$",1,[6289],"[""Market is very volatile now. So use low leverage and low amount of your capital as per your Risk management . Don't wait for all Targets(even after first Target),\xa0 book profits Partially""]"
6355,XRP,USDT,"Coin: #XRPUSDT

Long Set-Up

Leverage: 5-10x

#XRP already broke out of the Bull Flag pattern and is looking bullish.

Entry: 3.2770 - 3.2200$ (Buy partially)

Targets: 3.36 - 3.44 - 3.52 - 3.60 - 3.80$ (Short term)

Stoploss: 3.16$",0,[],[]
6378,JASMY,USDT,"Coin: #JASMYUSDT

Short Set-Up

Leverage: 5-10x

#JASMY already broke down the head and shoulders pattern and is looking bearish.

Entry: 0.016205 - 0.0166$ (Enter partially)

Targets: 0.0158 - 0.0154 - 0.0151 - 0.0148 - 0.0140$ (Short term)

Stoploss: 0.0170$",0,[],[]
6393,LPT,USDT,"Coin: #LPTUSDT

Short Set-Up

Leverage: 5-10x

#LPT already broke down the uptrend channel and is looking bearish.

Entry: 6.150 - 6.300$ (Enter partially)

Targets: 6.000 - 5.850 - 5.700 - 5.550 - 5.300 - 5.000$ (Short term)

Stoploss: 6.500$",1,[6394],"[""Market is very volatile now. So use low leverage and low amount of your capital as per your Risk management . Don't wait for all Targets(even after first Target),\xa0 book profits Partially""]"
6411,1000LUNC,USDT,"Coin: #1000LUNCUSDT

Long Set-Up

Leverage: 5-10x

#LUNC has already broken out of the symmetrical triangle and is looking bullish.

Entry: 0.06295 - 0.06100$ (Buy partially)

Targets: 0.06500 - 0.06650 - 0.06800 - 0.06950 - 0.07200 - 0.07400$ (Short-term)

Stoploss: 0.05960$",1,[6412],"[""Market is very volatile now. So use low leverage and low amount of your capital as per your Risk management . Don't wait for all Targets(even after first Target),\xa0 book profits Partially""]"
6415,PEOPLE,USDT,"Coin: #PEOPLEUSDT

Long Set-Up

Leverage: 5-10x

#PEOPLE already broke out of the symmetrical triangle and is looking bullish.

Entry: 0.02151 - 0.02050$ (Buy partially)

Targets: 0.02250 - 0.02300 - 0.02360 - 0.02420 - 0.02550 - 0.02700 - 0.02850 - 0.03000$ (Short-mid term)

Stoploss: 0.01950$",1,[6416],"[""Market is very volatile now. So use low leverage and low amount of your capital as per your Risk management . Don't wait for all Targets(even after first Target),\xa0 book profits Partially""]"
6428,ETC,USDT,"Coin: #ETCUSDT

Short Set-Up 

Leverage: 5-10x

#ETC already breaked down the Uptrend Channel and looking bearish.

Entry: 20.7 - 21.2$(Enter partially)

Targets: 20.2 - 19.6 - 19 - 18.4 - 17$(Short term)

Stoploss: 21.8$",2,"[6429, 6442]","[""Market is very volatile now. So use low leverage and low amount of your capital as per your Risk management . Don't wait for all Targets(even after first Target),\xa0 book profits Partially"", 'Binance Futures, BingX Futures, Bitget Futures, ByBit USDT, KuCoin Futures, OKX Futures\n#ETC/USDT Take-Profit target 1 ✅\nProfit: 35.7995% 📈\nPeriod: 3 Days 1 Hours 20 Minutes ⏰']"
6447,APT,USDT,"Coin: #APTUSDT

Direction: Long

Leverage: 5-10x

#APT already broke out of the falling wedge pattern and is looking bullish.

Entry: 4.4000 - 4.3400$ (Buy partially)

Targets: 4.500 - 4.600 - 4.700 - 4.800 - 5.000 - 5.200$ (Short term)

Stoploss: 4.260$",2,"[6448, 6453]","[""Market is very volatile now. So use low leverage and low amount of your capital as per your Risk management . Don't wait for all Targets(even after first Target),\xa0 book profits Partially"", 'Binance Futures, BingX Futures, Bitget Futures, ByBit USDT, HyperLiquid Futures(APT/USDC), KuCoin Futures, OKX Futures\n#APT/USDT Stop Target Hit ⛔\nLoss: 25.1716% 📉']"
6451,SEI,USDT,"Coin: #SEIUSDT

Direction: Long

Leverage: 5-10x

#SEI already broke out of the falling wedge pattern and is looking bullish.

Entry: 0.2940 - 0.2850$ (Buy partially)

Targets: 0.3000 - 0.3080 - 0.3160 - 0.3240 - 0.3380 - 0.3500$ (Short term)

Stoploss: 0.2780$",1,[6452],"[""Market is very volatile now. So use low leverage and low amount of your capital as per your Risk management . Don't wait for all Targets(even after first Target),\xa0 book profits Partially""]"
6455,BNB,USDT,"Coin: #BNBUSDT

Direction: Short

Leverage: 5-10x

#BNB already broke down the symmetrical triangle and is looking bearish.

Entry: 845 - 852$ (Enter partially)

Targets: 828 - 808 - 792 - 776 - 760$ (Short term)

Stoploss: 860$",3,"[6465, 6489, 6534]","['#BNBUSDT UPDATE:\n\n#BNB is now trading around $874. It pumped exactly after the breakout according to our previous update. Those who opened a long position according to our update are now in good profits. 20% profits booked until now with 10x leverage. Now, according to the pattern, we may see more pumps. Hope you enjoyed this update. More updates like #BNB...\n\n#Pin our channel on top and #Unmute our channel.', '#BNBUSDT UPDATE:\n\nBNB is now trading around $901. It pumped exactly after the breakout according to our previous update. Those who opened a long position according to our update are now in good profits. 50% profits booked until now with 10x leverage. Hope you enjoyed this update.', '#BNBUSDT UPDATE:\n\n#BNB is now trading around $1062. It pumped exactly after breaking out of the cup and handle pattern, according to our previous update. Those who opened a long position according to our previous update are now in good profits. 80% profits booked with 10x leverage. Enjoy the profits, guys!']"
6457,GRASS,USDT,"Coin: #GRASSUSDT

Direction: Short

Leverage: 5-10x

#GRASS has already broken down the symmetrical triangle and is looking bearish.

Entry: 0.6924 - 0.7100$ (Enter partially)

Targets: 0.6750 - 0.6600 - 0.6450 - 0.6300 - 0.5950 - 0.5500$ (Short term)

Stoploss: 0.7300$",0,[],[]
6497,DENT,USDT,"Coin: #DENTUSDT

Direction: Long

Leverage: 10x

#DENT has already broken out of the downtrend channel and is looking bullish.

Entry: 0.000795 - 0.000770$ (Buy partially)

Targets: 0.000815 - 0.000835 - 0.000855 - 0.000870 - 0.000900$ (Short term)

Stoploss: 0.000740$",2,"[6498, 6504]","[""Market is very volatile now. So use low leverage and low amount of your capital as per your Risk management . Don't wait for all Targets(even after first Target),\xa0 book profits Partially"", '#DENTUSDT UPDATE:\n\nSL hit after TP 1 because of a sudden dump in the market. 20% profits booked with 10x leverage.']"
6509,BTC,USDT,"Coin: #BTCUSDT

Direction: Long

Leverage: 10x

#BTC has already broken out of the Inverse head and shoulder pattern and is looking bullish.

Entry: 117200 - 115000$ (Buy partially)

Targets: 119500 - 122000 - 125000 - 128000 (Short term)

Stoploss: 113000$",1,[6510],"[""Market is very volatile now. So use low leverage and low amount of your capital as per your Risk management . Don't wait for all Targets(even after first Target),\xa0 book profits Partially""]"
6519,BTC,USDT,"Coin: #BTCUSDT

Direction: Long

Leverage: 10x

#BTC has already broken out of the Inverse head and shoulder pattern and is looking bullish.

Entry: 117300 - 115000$ (Buy partially)

Targets: 119500 - 122000 - 125000 - 128000 (Short term)

Stoploss: 113000$",0,[],[]
6539,CHESS,USDT,"🔥GEM FUTURE SIGNAL🔥

Coin: #CHESSUSDT

Direction: Long📈

Leverage: 10x

Pumping from the strong support zone with a good bullish candle, which is a bullish sign, and the next target will be the upper resistance zone. So just buy it and hold it for good profits. This coin is in the bottom area, so we expect a massive pump in it.

Entry: 0.067 to 0.064$

Target: 0.07 - 0.08$ and higher

Stop loss: 0.058$

Buy and hold🤑",0,[],[]
6562,LPT,USDT,"Coin: #LPTUSDT

Direction: Long

Leverage: 5-10x

#LPT has already broken out of the bull flag pattern and is looking bullish.

Entry: 6.660 - 6.550$ (Buy partially)

Targets: 6.800 - 6.940 - 7.080 - 7.250 - 7.500 - 7.800$ (Short term)

Stop loss: 6.450$",1,[6563],"[""Market is very volatile now. So use low leverage and low amount of your capital as per your Risk management . Don't wait for all Targets(even after first Target),\xa0 book profits Partially""]"
6564,XLM,USDT,"Coin: #XLMUSDT

Direction: Long

Leverage: 5-10x

#XLM has already broken out of the falling wedge pattern and is looking bullish.

Entry: 0.40940 - 0.3900$ (Buy partially)

Targets: 0.420 - 0.430 - 0.440 - 0.450 - 0.470 - 0.490 - 0.520$ (Short-mid term)

Stoploss: 0.375$",1,[6565],"[""Market is very volatile now. So use low leverage and low amount of your capital as per your Risk management . Don't wait for all Targets(even after first Target),\xa0 book profits Partially""]"
6584,OP,USDT,"Coin: #OPUSDT

Direction: Long

Leverage: 5-10x

#OP already broke out of the ascending triangle and is looking bullish.

Entry: 0.5060 - 0.5000$ (Buy partially)

Targets: 0.5200 - 0.5320 - 0.5440 - 0.5560 - 0.5850 - 0.6210$ (Short term)

Stoploss: 0.4850$",9,"[6585, 6592, 6634, 6675, 6676, 6677, 6695, 6699, 6700]","[""Market is very volatile now. So use low leverage and low amount of your capital as per your Risk management . Don't wait for all Targets(even after first Target),\xa0 book profits Partially"", '#ETHUSDT UPDATE:\n\n#Ethereum is currently trading around $3790. Ethereum dumped exactly after the breakdown, according to our previous update. Those who opened a short position after our update have booked good profits through that update. Sixty percent profits were booked with 10x leverage. Enjoy the profits, guys', '#DOTUSDT UPDATE:\n\n#DOT is currently trading around $3.163. It pumped exactly after our update. Those who opened a long position according to our previous update are now in good profits. Enjoy the profits, guys!🔥', 'Coin: #XVGUSDT\n\nDirection: Long📈\n\nBreaking out of a Cup and handle pattern on hourly timeframe, which is a bullish pattern with a good bullish candle. So just buy it and hold it for good profits. This coin is in the bottom area, so we expect a massive pump.\n\nEntry: 0.0081 - 0.0070$\n\nTargets: 0.0086 - 0.0088 - 0.0092 - 0.0094$+\n\nStoploss: 0.0064$\n\nBuy and hold🤑', '#ETHUSDT UPDATE:\n\n#Ethereum is currently trading around $3480. Ethereum pumped exactly after our update, and after breaking the neckline, ETH reached a high of $3650. Those who opened a long position according to our update are now in good profits. Now, the possible scenarios are that Ethereum is again taking support from the support level, so if it pumps and continues here, it can go towards $3800 - $3900. Otherwise, if the price breaks down the support, then we may see a dump in Ethereum. Keep', '#BTCUSDT UPDATE:\n\n#Bitcoin is currently trading around $103,500. Bitcoin pumped exactly as predicted after our update and touched $107,500. Those who opened a long position according to our update have booked good profits. Now, stay tuned with us for further updates✔️', '#BTCUSDT UPDATE:\n\n#Bitcoin is now currently trading around $94,100. Bitcoin is exactly dumping after breaking the support zone as per the previous update. Those who opened a short position according to our update are now in good profits. 60% profits booked with 10x Lev. Enjoy the profits, guys. Stay tuned with us for further updates.✔️', '#BTCUSDT UPDATE:\n\n#Bitcoin is now currently trading around $84000. Bitcoin is exactly dumping after breaking the support zone as per the previous update. Those who opened a short position according to our update are now in good profits. 180% profits booked with 10x Lev. Enjoy the profits, guys. Stay tuned with us for further updates.✔️', '#ETHUSDT UPDATE:\n\n#Ethereum is now trading around $2710. Ethereum is dumping exactly as predicted after breaking down the support zone, as per our previous update. Those who opened a short position according to our previous update are now in good profits, which is 170% with 10x leverage. Enjoy the profits, guys. Now, stay tuned with us for the next updates✔️']"
6590,SANTOS,USDT,"Coin: #SANTOSUSDT

Direction: Short

Leverage: 5-10x

#SANTOS has already broken down the bear flag pattern and is looking bearish.

Entry: 1.348 - 1.400$ (Enter partially)

Targets: 1.300 - 1.260 - 1.220 - 1.180 - 1.100 - 1.000$ (Short term)

Stoploss: 1.450$",1,[6591],"[""Market is very volatile now. So use low leverage and low amount of your capital as per your Risk management . Don't wait for all Targets(even after first Target),\xa0 book profits Partially""]"
6614,GMX,USDT,"Coin: #GMXUSDT

Direction: Long

Leverage: 5-10x

#GMX has already broken out of the symmetrical triangle and is looking bullish.

Entry: 10.580 - 10.400$ (Buy partially)

Targets: 10.800 - 11.100 - 11.400 - 11.700 - 12.400 - 12.900 - 13.500$ (Short-mid term)

Stoploss: 10.200$",1,[6615],"[""Market is very volatile now. So use low leverage and low amount of your capital as per your Risk management . Don't wait for all Targets(even after first Target),\xa0 book profits Partially""]"
6625,XLM,USDT,"Coin: #XLMUSDT

Direction: Long

Leverage: 5-10x

#XLM has already broken out of the symmetrical triangle and is looking bullish.

Entry: $0.329 - $0.320 (Buy partially)

Targets: $0.336 - $0.344 - $0.352 - $0.360 - $0.380 - $0.395 - $0.410 (Short term)

Stoploss: $0.316",1,[6626],"[""Market is very volatile now. So use low leverage and low amount of your capital as per your Risk management . Don't wait for all Targets(even after first Target),\xa0 book profits Partially""]"
6646,BNB,USDT,"Coin: #BNBUSDT

Direction: Long

Leverage: 5-10x

#BNB has already broken out of the cup and handle pattern and is looking bullish.

Entry: 1165 - 1140$ (Buy partially)

Targets: 1185 - 1210 - 1235 - 1280$ (Short term)

Stoploss: 1130$",1,[6647],"[""Market is very volatile now. So use low leverage and low amount of your capital as per your Risk management . Don't wait for all Targets(even after first Target),\xa0 book profits Partially""]"
6651,RSR,USDT,"Coin: #RSRUSDT

Direction: Long

Leverage: 5-10x

#RSR has already broken out of the downtrend channel and is looking bullish.

Entry: $0.005570 - $0.005400 (Buy partially)

Targets: $0.0057 - $0.0058 - $0.0060 - $0.00615 - $0.00635 - $0.0066 (Short term)

Stoploss: $0.00520",0,[],[]
6653,TWT,USDT,"Coin: #TWTUSDT

Direction: Long

Leverage: 5-10x

#TWT has already broken out of the falling wedge and is looking bullish.

Entry: $1.2730 - $1.2500 (Buy partially)

Targets: $1.30 - $1.33 - $1.36 - $1.39 - $1.45 - $1.50 (Short-term)

Stop-loss: $1.22",0,[],[]
6660,SHELL,USDT,"Coin: #SHELLUSDT

Direction: Long

Leverage: 5-10x

#SHELL has already broken out of the Symmetrical Triangle and is looking Bullish.

Entry: $0.1205 - $0.1180 (Buy partially)

Targets: $0.1240 - $0.1270 - $0.1300 - $0.1330 - $0.1400 - $0.1500 (Short term)

Stop-loss: $0.1150",0,[],[]
6666,IOTX,USDT,"Coin: #IOTXUSDT

Direction: Long

Leverage: 5-10x

#IOTX has already broken out of the Cup and Handle pattern and is looking bullish.

Entry: $0.01150 - $0.01130 (Buy partially)

Targets: $0.01180 - $0.01210 - $0.01240 - $0.01270 - $0.01340 - $0.01400 (Short term)

Stop-loss: $0.01100",0,[],[]
6675,XVG,USDT,"Coin: #XVGUSDT

Direction: Long📈

Breaking out of a Cup and handle pattern on hourly timeframe, which is a bullish pattern with a good bullish candle. So just buy it and hold it for good profits. This coin is in the bottom area, so we expect a massive pump.

Entry: 0.0081 - 0.0070$

Targets: 0.0086 - 0.0088 - 0.0092 - 0.0094$+

Stoploss: 0.0064$

Buy and hold🤑",0,[],[]
6684,CATI,USDT,"Coin: #CATIUSDT

Direction: Short

Leverage: 5-10x

#CATI has already broken down the Inverse cup and handle pattern and is looking bearish.

Entry: $0.06010 - $0.06200 (Enter partially)

Targets: $0.05900 - $0.05780 - $0.05660 - $0.05550 - $0.05200 - $0.04900 - $0.04250 (Short-mid term)

Stop-loss: $0.06350",0,[],[]
6702,XLM,USDT,"Coin: #XLMUSDT

Direction: Long

Leverage: 5-10x

#XLM has already broken out of the resistance zone and Cup and handle pattern and is looking bullish.

Entry: $0.255 - $0.252 (Buy partially)

Targets: $0.261 - $0.267 - $0.273 - $0.280 - $0.290 - $0.300 (Short-mid term)

Stop-loss: $0.248",1,[6703],"[""Market is very volatile now. So use low leverage and low amount of your capital as per your Risk management . Don't wait for all Targets(even after first Target),\xa0 book profits Partially""]"
6713,ADA,USDT,"Coin: #ADAUSDT

Direction: Long

Leverage: 5-10x

#ADA already broke out of the Symmetrical triangle and is looking Bullish.

Entry: $0.4340 - $0.4260 (Buy partially)

Targets: $0.4420 - $0.4520 - $0.4620 - $0.4800 - $0.5000 (Short term)

Stoploss: $0.4200",1,[6714],"[""Market is very volatile now. So use low leverage and low amount of your capital as per your Risk management . Don't wait for all Targets(even after first Target),\xa0 book profits Partially""]"
6726,BDXN,USDT,"Coin: #BDXNUSDT

Direction: Long📈

Leverage: 10x

It has already broken out of the Falling Wedge pattern on the 4-hour timeframe and also closed, which is a bullish sign. So, add a bag of #BDXN for good long-term profits.

Entry: $0.053 - $0.045

Target: $0.060 - $0.065 - $0.070 - $0.075+

Stop-loss: $0.038

Buy and hold🤑",0,[],[]
6728,SSV,USDT,"Coin: #SSVUSDT

Direction: Long

Leverage: 5-10x

#SSV already broke out of the Falling Wedge pattern and is looking bullish.

Entry: $3.840 - $3.600 (Buy partially)

Targets: $3.950 - $4.050 - $4.150 - $4.250 - $4.500 - $4.700 - $5.000 (Short term)

Stop-loss: $3.400",1,[6729],"[""Market is very volatile now. So use low leverage and low amount of your capital as per your Risk management . Don't wait for all Targets(even after first Target),\xa0 book profits Partially""]"
6736,BB,USDT,"Coin: #BBUSDT

Direction: Long📈

Leverage: 5-10x

#BB has already broken out of the Cup and Handle pattern and is looking bullish.

Entry: $0.08957 - $0.08700 (Buy partially)

Targets: $0.09200 - $0.09400 - $0.09600 - $0.09800 - $0.103 - $0.100 (Short term)

Stop loss: $0.084",1,[6737],"[""Market is very volatile now. So use low leverage and low amount of your capital as per your Risk management . Don't wait for all Targets(even after first Target),\xa0 book profits Partially""]"
6741,MEW,USDT,"Coin: #MEWUSDT

Direction: Long

Leverage: 5-10x

#MEW has already broken out of the Symmetrical Triangle and is looking Bullish.

Entry: $0.001180 - $0.001150 (Buy partially)

Targets: $0.001210 - $0.001240 - $0.001270 - $0.001300 - $0.001350 - $0.001400 (Short term)

Stop loss: $0.001120",1,[6742],"[""Market is very volatile now. So use low leverage and low amount of your capital as per your Risk management . Don't wait for all Targets(even after first Target),\xa0 book profits Partially""]"
6743,NEIRO,USDT,"Coin: #NEIROUSDT

Direction: Long

Leverage: 5-10x

#NEIRO has already broken out of the ascending triangle and is looking bullish.

Entry: $0.0001495 - $0.0001460 (Buy partially)

Targets: $0.0001530 - $0.0001560 - $0.0001600 - $0.0001640 - $0.0001720 - $0.0001800 (Short term)

Stop loss: $0.0001420",1,[6744],"[""Market is very volatile now. So use low leverage and low amount of your capital as per your Risk management . Don't wait for all Targets(even after first Target),\xa0 book profits Partially""]"
6754,DOGE,USDT,"Coin: #DOGEUSDT

Direction: Short

Leverage: 5-10x

#DOGE has already broken down from the inverse cup and handle and is looking bearish.

Entry: $0.134 - $0.136 (Enter partially)

Targets: $0.131 - $0.128 - $0.125 - $0.122 - $0.116(Short term)

Stoploss: $0.138",1,[6755],"[""Market is very volatile now. So use low leverage and low amount of your capital as per your Risk management . Don't wait for all Targets(even after first Target),\xa0 book profits Partially""]"
6760,PEOPLE,USDT,"Coin: #PEOPLEUSDT

Direction: Short

Leverage: 5-10x

#PEOPLE has already broken down the Descending Triangle and is looking bearish.

Entry: 0.00820 - 0.00900$ (Enter partially)

Targets: 0.00780 - 0.00740 - 0.00700 - 0.00660 - 0.00600 - 0.00560 - 0.00500$ (Short-mid term)

Stoploss: 0.00950$",1,[6761],"[""Market is very volatile now. So use low leverage and low amount of your capital as per your Risk management . Don't wait for all Targets(even after first Target),\xa0 book profits Partially""]"
6765,USTC,USDT,"Coin: #USTCUSDT

Direction: Short

Leverage: 5-10x

#USTC has already broken down the symmetrical triangle and is looking bearish.

Entry: 0.006945 - 0.007100$ (Enter partially)

Targets: 0.006800 - 0.006650 - 0.006500 - 0.006300 - 0.006000 - 0.005600$ (Short term)

Stop-loss: 0.007250$",1,[6766],"[""Market is very volatile now. So use low leverage and low amount of your capital as per your Risk management . Don't wait for all Targets(even after first Target),\xa0 book profits Partially""]"
6791,PEOPLE,USDT,"Coin: #PEOPLEUSDT

Direction: Long

Leverage: 5-10x

#PEOPLE has already broken out of the Falling Wedge pattern and is looking bullish.

Entry: $0.00970 - $0.00920 (Buy partially)

Targets: $0.01000 - $0.01040 - $0.01080 - $0.01120 - $0.01200 - $0.01280 - $0.01350 (Short term)

Stop-loss: $0.00880",1,[6792],"[""Market is very volatile now. So use low leverage and low amount of your capital as per your Risk management . Don't wait for all Targets(even after first Target),\xa0 book profits Partially""]"
6793,ETC,USDT,"Coin: #ETCUSDT

Direction: Long

Leverage: 5-10x

#ETC has already broken out of the Falling Wedge pattern and is looking bullish.

Entry: $12.250 - $11.800 (Buy partially)

Targets: $12.600 - $12.900 - $13.200 - $13.500 - $14.200 - $15 - $16 (Short term)

Stop-loss: $11.400",1,[6794],"[""Market is very volatile now. So use low leverage and low amount of your capital as per your Risk management . Don't wait for all Targets(even after first Target),\xa0 book profits Partially""]"
6819,TIA,USDT,"Coin: #TIAUSDT

Direction: Long

Leverage: 5-10x

#TIA has already broken out of the Cup and Handle pattern and is looking bullish.

Entry: $0.6070 - $0.5800 (Buy partially)

Targets: $0.6200 - $0.6400 - $0.6600 - $0.6800 - $0.7200 - $0.7600 (Short-mid term)

Stop-loss: $0.5600",30,"[6820, 6824, 6828, 6830, 6833, 6838, 6840, 6847, 6849, 6852, 6854, 6857, 6861, 6865, 6868, 6875, 6883, 6885, 6892, 6898, 6904, 6907, 6909, 6914, 6916, 6919, 6921, 6925, 6928, 6936]","[""Market is very volatile now. So use low leverage and low amount of your capital as per your Risk management . Don't wait for all Targets(even after first Target),\xa0 book profits Partially"", ""Market is very volatile now. So use low leverage and low amount of your capital as per your Risk management . Don't wait for all Targets(even after first Target),\xa0 book profits Partially"", ""Market is very volatile now. So use low leverage and low amount of your capital as per your Risk management . Don't wait for all Targets(even after first Target),\xa0 book profits Partially"", ""Market is very volatile now. So use low leverage and low amount of your capital as per your Risk management . Don't wait for all Targets(even after first Target),\xa0 book profits Partially"", ""Market is very volatile now. So use low leverage and low amount of your capital as per your Risk management . Don't wait for all Targets(even after first Target),\xa0 book profits Partially"", ""Market is very volatile now. So use low leverage and low amount of your capital as per your Risk management . Don't wait for all Targets(even after first Target),\xa0 book profits Partially"", ""Market is very volatile now. So use low leverage and low amount of your capital as per your Risk management . Don't wait for all Targets(even after first Target),\xa0 book profits Partially"", ""Market is very volatile now. So use low leverage and low amount of your capital as per your Risk management . Don't wait for all Targets(even after first Target),\xa0 book profits Partially"", ""Market is very volatile now. So use low leverage and low amount of your capital as per your Risk management . Don't wait for all Targets(even after first Target),\xa0 book profits Partially"", ""Market is very volatile now. So use low leverage and low amount of your capital as per your Risk management . Don't wait for all Targets(even after first Target),\xa0 book profits Partially"", ""Market is very volatile now. So use low leverage and low amount of your capital as per your Risk management . Don't wait for all Targets(even after first Target),\xa0 book profits Partially"", ""Market is very volatile now. So use low leverage and low amount of your capital as per your Risk management . Don't wait for all Targets(even after first Target),\xa0 book profits Partially"", ""Market is very volatile now. So use low leverage and low amount of your capital as per your Risk management . Don't wait for all Targets(even after first Target),\xa0 book profits Partially"", ""Market is very volatile now. So use low leverage and low amount of your capital as per your Risk management . Don't wait for all Targets(even after first Target),\xa0 book profits Partially"", ""Market is very volatile now. So use low leverage and low amount of your capital as per your Risk management . Don't wait for all Targets(even after first Target),\xa0 book profits Partially"", ""Market is very volatile now. So use low leverage and low amount of your capital as per your Risk management . Don't wait for all Targets(even after first Target),\xa0 book profits Partially"", ""Market is very volatile now. So use low leverage and low amount of your capital as per your Risk management . Don't wait for all Targets(even after first Target),\xa0 book profits Partially"", ""Market is very volatile now. So use low leverage and low amount of your capital as per your Risk management . Don't wait for all Targets(even after first Target),\xa0 book profits Partially"", ""Market is very volatile now. So use low leverage and low amount of your capital as per your Risk management . Don't wait for all Targets(even after first Target),\xa0 book profits Partially"", ""Market is very volatile now. So use low leverage and low amount of your capital as per your Risk management . Don't wait for all Targets(even after first Target),\xa0 book profits Partially"", ""Market is very volatile now. So use low leverage and low amount of your capital as per your Risk management . Don't wait for all Targets(even after first Target),\xa0 book profits Partially"", ""Market is very volatile now. So use low leverage and low amount of your capital as per your Risk management . Don't wait for all Targets(even after first Target),\xa0 book profits Partially"", ""Market is very volatile now. So use low leverage and low amount of your capital as per your Risk management . Don't wait for all Targets(even after first Target),\xa0 book profits Partially"", ""Market is very volatile now. So use low leverage and low amount of your capital as per your Risk management . Don't wait for all Targets(even after first Target),\xa0 book profits Partially"", ""Market is very volatile now. So use low leverage and low amount of your capital as per your Risk management . Don't wait for all Targets(even after first Target),\xa0 book profits Partially"", ""Market is very volatile now. So use low leverage and low amount of your capital as per your Risk management . Don't wait for all Targets(even after first Target),\xa0 book profits Partially"", ""Market is very volatile now. So use low leverage and low amount of your capital as per your Risk management . Don't wait for all Targets(even after first Target),\xa0 book profits Partially"", ""Market is very volatile now. So use low leverage and low amount of your capital as per your Risk management . Don't wait for all Targets(even after first Target),\xa0 book profits Partially"", ""Market is very volatile now. So use low leverage and low amount of your capital as per your Risk management . Don't wait for all Targets(even after first Target),\xa0 book profits Partially"", ""Market is very volatile now. So use low leverage and low amount of your capital as per your Risk management . Don't wait for all Targets(even after first Target),\xa0 book profits Partially""]"
6827,ETH,USDT,"Coin: #ETHUSDT

Direction: Long

Leverage: 5-10x

It has already broken out of the symmetrical triangle and is looking bullish.

Entry: $3388 - $3280 (Buy partially)

Targets: $3480 - $3560 - $3640 - $3720 - $3900 (Short term)

Stop-loss: $3200",2,"[6828, 6899]","[""Market is very volatile now. So use low leverage and low amount of your capital as per your Risk management . Don't wait for all Targets(even after first Target),\xa0 book profits Partially"", '#ETHUSDT UPDATE:\n\n#Ethereum is currently trading at $2080. It precisely broke the support and tested the lower support zone, as per our previous update. Those who followed us and opened a short position have booked good profits. Now, the possible scenarios are: if the dump continues, it may again test the lower support zone. Otherwise, if it pumps from here and breaks above the resistance zone, then we may see bullish momentum. Keep an eye on it and stay tuned with us for further updates✅']"
6837,BNB,USDT,"Coin: #BNBUSDT

Direction: Long

Leverage: 5-10x

#BNB has already broken out of the Head and Shoulders pattern and is looking bullish.

Entry: $954 - $920 (Buy partially)

Targets: $975 - $995 - $1015 - $1060 (Short term)

Stop-loss: $900",1,[6838],"[""Market is very volatile now. So use low leverage and low amount of your capital as per your Risk management . Don't wait for all Targets(even after first Target),\xa0 book profits Partially""]"
6848,OP,USDT,"Coin: #OPUSDT

Direction: Short

Leverage: 5-10x

#OP has already broken down from the head and shoulders pattern and is looking bearish.

Entry: $0.2990 - $0.3050 (Enter partially)

Targets: $0.2920 - $0.2860 - $0.2800 - $0.2740 - $0.2620 - $0.2500 (Short term)

Stop-loss: $0.3120",5,"[6849, 6869, 6899, 6910, 6911]","[""Market is very volatile now. So use low leverage and low amount of your capital as per your Risk management . Don't wait for all Targets(even after first Target),\xa0 book profits Partially"", '#BTCUSDT UPDATE:\n\nBitcoin is currently trading around $87,200. It is dumping exactly as predicted in our previous update. While others suggested Bitcoin might pump, we had already informed you about it. Those who opened a short position are now in good profit. Further dumping is expected, and it could test the lower support zone soon. Keep an eye on it and stay tuned with us for further updates.', '#ETHUSDT UPDATE:\n\n#Ethereum is currently trading at $2080. It precisely broke the support and tested the lower support zone, as per our previous update. Those who followed us and opened a short position have booked good profits. Now, the possible scenarios are: if the dump continues, it may again test the lower support zone. Otherwise, if it pumps from here and breaks above the resistance zone, then we may see bullish momentum. Keep an eye on it and stay tuned with us for further updates✅', '#1000LUNC/USDT Stop Target Hit ⛔\nLoss: 19.1154% 📉', '#SAFE/USDT Stop Target Hit ⛔\nLoss: 20.8443% 📉']"
6860,AEVO,USDT,"Coin: #AEVOUSDT

Direction: Long

Leverage: 5-10x

#AEVO has already broken out of the symmetrical triangle and is looking bullish.

Entry: $0.03790 - $0.03760 (Buy partially)

Targets: $0.03870 - $0.03950 - $0.04030 - $0.04200 (Short term)

Stop-loss: $0.03720",1,[6861],"[""Market is very volatile now. So use low leverage and low amount of your capital as per your Risk management . Don't wait for all Targets(even after first Target),\xa0 book profits Partially""]"
6903,DASH,USDT,"Coin: #DASHUSDT

Direction: Short

Leverage: 5-10x

#DASH has already broken down the Descending Triangle and is looking bearish.

Entry: 34.40 - 35$ (Buy partially)

Targets: 33.60 - 32.80 - 32 - 31.40 - 30$ (Short term)

Stop loss: 35.50$",1,[6904],"[""Market is very volatile now. So use low leverage and low amount of your capital as per your Risk management . Don't wait for all Targets(even after first Target),\xa0 book profits Partially""]"
6906,1000LUNC,USDT,"Coin: #1000LUNCUSDT

Direction: Short

Leverage: 5-10x

#1000LUNC has already broken down the symmetrical triangle and is looking bearish.

Entry: 0.03310 - 0.03360 (Enter partially)

Targets: 0.03240 - 0.03180 - 0.03120 - 0.03040 - 0.02920 - 0.02800 (Short term)

Stop-loss: 0.03420",2,"[6907, 6910]","[""Market is very volatile now. So use low leverage and low amount of your capital as per your Risk management . Don't wait for all Targets(even after first Target),\xa0 book profits Partially"", '#1000LUNC/USDT Stop Target Hit ⛔\nLoss: 19.1154% 📉']"
6908,SAFE,USDT,"Coin: #SAFEUSDT

Direction: Short

Leverage: 5-10x

#SAFE has already broken down the Inverse Cup and Handle pattern and is looking bearish.

Entry: $0.0947 - $0.0960 (Enter partially)

Targets: $0.0925 - $0.0905 - $0.0885 - $0.0865 - $0.0840 (Short term)

Stop-loss: $0.0980",2,"[6909, 6911]","[""Market is very volatile now. So use low leverage and low amount of your capital as per your Risk management . Don't wait for all Targets(even after first Target),\xa0 book profits Partially"", '#SAFE/USDT Stop Target Hit ⛔\nLoss: 20.8443% 📉']"
6918,KNC,USDT,"Coin: #KNCUSDT

Direction: Long

Leverage: 5-10x

#KNC has already broken out of the symmetrical triangle and is looking bullish.

Entry: $0.1515 - $0.1490 (Buy partially)

Targets: $0.1540 - $0.1570 - $0.1610 - $0.1650 - $0.1700 - $0.1750 (Short term)

Stop-loss: $0.1470",1,[6919],"[""Market is very volatile now. So use low leverage and low amount of your capital as per your Risk management . Don't wait for all Targets(even after first Target),\xa0 book profits Partially""]"
6920,BNB,USDT,"Coin: #BNBUSDT

Direction: Long

Leverage: 5-10x

#BNB already broke out of the Cup and handle pattern and is looking Bullish.

Entry: 619.5 - 616$ (Buy partially)

Targets: 630 - 642.5 - 655.3 - 668$ (Short term)

Stop-loss: 612$",1,[6921],"[""Market is very volatile now. So use low leverage and low amount of your capital as per your Risk management . Don't wait for all Targets(even after first Target),\xa0 book profits Partially""]"
6980,ZEC,USDT,"Coin: #ZECUSDT

Direction: Short

Leverage: 5-10x

#ZEC already broke down the Inverse cup and handle pattern and is looking bearish.

Entry: 196.60 - 202.50$ (Enter partially)

Targets: 190 - 184 - 178 - 172 - 162 - 150$ (Short term)

Stop-loss: 210$",1,[6981],"[""Market is very volatile now. So use low leverage and low amount of your capital as per your Risk management . Don't wait for all Targets(even after first Target),\xa0 book profits Partially""]"
6986,AXL,USDT,"Coin: #AXLUSDT

Direction: Short

Leverage: 5-10x

#AXL has already broken down the bear flag and is looking bearish.

Entry: $0.05250 - $0.05300 (Enter partially)

Targets: $0.05050 - $0.04920 - $0.04800 - $0.04700 - $0.04500 - $0.04200 (Short term)

Stop-loss: $0.05400",0,[],[]
6994,NEO,USDT,"Coin: #NEOUSDT

Direction: Long

Leverage: 5-10x

#NEO has already broken out of the Cup and Handle pattern and is looking bullish.

Entry: 2.583 - 2.550$ (Buy partially)

Targets: 2.630 - 2.690 - 2.750 - 2.800$ (Short term)

Stop-loss: 2.520$",1,[6995],"[""Market is very volatile now. So use low leverage and low amount of your capital as per your Risk management . Don't wait for all Targets(even after first Target),\xa0 book profits Partially""]"
6998,CFX,USDT,"Coin: #CFXUSDT

Direction: Long

Leverage: 5-10x

#CFX has already broken out of the symmetrical triangle and is looking bullish.

Entry: 0.05155 - 0.05000$ (Buy partially)

Targets: 0.05300 - 0.05450 - 0.05600 - 0.05750 - 0.06100 - 0.06350 - 0.06600$ (Short term)

Stop-loss: 0.04900$",1,[6999],"[""Market is very volatile now. So use low leverage and low amount of your capital as per your Risk management . Don't wait for all Targets(even after first Target),\xa0 book profits Partially""]"
