message_id,highest_target_hit,was_profitable,was_full_tp,was_partial_tp,was_loss,had_unresolved_profit_signal,linked_update_ids
15,1,True,False,True,False,False,"[16, 22, 28, 31, 34]"
56,8,True,True,False,False,False,"[57, 72, 155, 156, 157, 158, 159, 168]"
58,6,True,False,True,False,False,"[60, 166, 167, 169, 172, 179]"
59,1,True,False,True,False,False,[61]
62,0,False,False,False,True,False,[]
63,2,True,False,True,False,False,"[64, 74, 80]"
65,8,True,False,True,False,False,"[66, 71]"
67,4,True,False,True,False,False,"[68, 69, 70]"
73,0,False,False,False,True,False,[]
74,2,True,False,True,False,False,[80]
75,4,True,False,True,False,False,"[76, 96, 114, 127]"
77,7,True,True,False,False,False,"[79, 81, 82, 92, 97]"
83,12,True,True,False,False,False,"[84, 85, 86, 103, 126, 137]"
87,2,True,False,True,False,True,"[88, 89, 90]"
91,0,False,False,False,True,False,[]
95,1,True,False,True,False,False,[96]
98,11,True,True,False,False,False,"[99, 100, 101, 104, 108, 110, 111, 123, 124]"
102,0,False,False,False,True,False,[]
105,8,True,True,False,False,True,"[106, 107, 108, 109, 110, 111, 112, 113, 114, 115, 122, 123, 124, 125, 126, 127, 128, 130, 131, 132, 134, 135, 136, 137, 138, 144, 145, 146, 147, 148, 149, 150, 151, 152, 153, 154, 155, 156, 157, 158, 159, 160, 161, 165, 166, 167, 168, 169, 170, 171, 172, 173, 174, 177, 178, 179, 180, 182, 183, 184, 185, 189, 191, 192, 193, 194, 195, 196, 197, 201, 202, 204, 207, 209, 211, 212, 214, 216, 217, 218, 219, 220, 221, 224, 225]"
113,8,True,True,False,False,True,"[114, 115, 160, 161, 165, 170, 171, 183, 191, 192, 193, 194, 195, 197]"
125,4,True,False,True,False,False,[127]
128,0,False,False,False,True,False,[131]
129,3,True,False,True,False,False,[130]
132,4,True,False,True,False,False,"[134, 138]"
135,1,True,False,True,False,False,[136]
137,0,False,False,False,True,False,[]
143,1,True,False,True,False,False,[144]
145,6,True,True,False,False,False,"[147, 148, 150, 151, 153, 184, 265]"
146,3,True,False,True,False,True,"[149, 152, 154, 178, 189]"
155,6,True,False,True,False,False,"[156, 157, 158, 159, 168, 209]"
160,8,True,True,False,False,True,"[161, 165, 170, 171, 183, 191, 192, 193, 194, 195, 197]"
166,8,True,True,False,False,False,"[167, 169, 172, 179, 185]"
173,5,True,False,True,False,False,"[174, 177, 180, 182]"
191,8,True,True,False,False,True,"[192, 193, 194, 195, 197]"
196,0,False,False,False,True,False,[]
209,0,False,False,False,True,False,[]
215,3,True,False,True,False,False,"[216, 217, 218]"
246,2,True,False,True,False,False,"[247, 248, 249, 250, 251, 256]"
254,4,True,False,True,False,False,"[255, 257, 259, 269]"
260,4,True,False,True,False,False,"[267, 268, 338, 339, 343, 345]"
271,8,True,True,False,False,False,"[272, 273, 274, 275, 276, 277, 288, 297]"
277,7,True,False,True,False,False,"[278, 279, 280, 282, 295]"
291,2,True,False,True,False,False,"[292, 293, 294]"
298,9,True,False,True,False,False,"[302, 303, 309, 319, 321, 322, 324, 328]"
299,10,True,True,False,False,False,"[301, 307, 309, 325]"
300,6,True,False,True,False,False,"[317, 358, 360, 385, 396]"
304,8,True,True,False,False,False,"[305, 306, 308, 309, 326, 329]"
310,5,True,False,True,False,False,"[311, 312, 315, 355, 356]"
313,5,True,False,True,False,False,"[314, 316]"
320,5,True,False,True,False,False,"[330, 335, 402]"
327,4,True,False,True,False,False,"[336, 342, 433]"
331,6,True,False,True,False,False,"[332, 333, 337, 350]"
338,4,True,False,True,False,False,"[339, 343, 345, 419, 421, 455]"
340,7,True,False,True,False,False,"[341, 344, 432, 445, 461]"
346,4,True,False,True,False,False,"[347, 412, 431, 460]"
348,8,True,False,True,False,False,"[349, 407, 417, 459]"
351,8,True,False,True,False,False,"[352, 353, 357, 359, 408, 416, 444, 458]"
354,7,True,False,True,False,False,"[365, 373, 409, 430]"
355,1,True,False,True,False,False,[356]
358,6,True,False,True,False,False,"[360, 385, 396]"
361,8,True,False,True,False,False,"[364, 369, 372, 376, 382, 391, 401, 418]"
366,9,True,True,False,False,False,"[368, 375, 381, 390, 394, 429, 443, 450]"
370,8,True,False,True,False,True,"[371, 374, 380, 395, 428]"
377,9,True,True,False,False,True,"[378, 379, 383, 384, 392]"
386,5,True,False,True,False,False,"[388, 442]"
387,6,True,False,True,False,False,"[389, 393, 398, 400, 406, 427]"
397,5,True,False,True,False,False,"[426, 441, 457]"
399,6,True,False,True,False,False,"[410, 415, 424, 440, 456]"
403,5,True,False,True,False,False,"[404, 405, 425]"
411,5,True,False,True,False,False,"[422, 468]"
413,1,True,False,True,False,True,"[414, 420]"
419,7,True,False,True,False,False,"[421, 455, 463, 467]"
435,5,True,False,True,False,False,"[436, 439, 454]"
437,6,True,False,True,False,False,"[438, 453, 466]"
446,5,True,False,True,False,False,"[447, 448, 465, 475]"
449,3,True,False,True,False,True,"[451, 452, 476, 494, 498, 502]"
470,6,True,False,True,False,False,"[471, 472, 473]"
481,7,True,False,True,False,False,"[482, 489, 497, 511]"
494,3,True,False,True,False,False,"[498, 502]"
499,4,True,False,True,False,False,"[500, 508]"
503,10,True,True,False,False,False,"[506, 507]"
504,1,True,False,True,False,False,[505]
514,7,True,True,False,False,False,"[515, 516, 519, 520, 547, 561]"
522,6,True,True,False,False,False,"[524, 525, 530, 531, 532, 563]"
526,10,True,True,False,False,False,"[533, 534, 541, 543, 565, 574]"
540,12,True,True,False,False,True,"[542, 571, 575, 578, 623, 624, 635, 636, 641]"
545,4,True,False,True,False,False,"[546, 548, 549]"
552,3,True,False,True,False,True,"[553, 554, 559, 619, 620]"
558,0,False,False,False,True,False,[572]
563,0,False,False,False,True,False,[]
568,3,True,False,True,False,False,"[569, 570, 603]"
587,2,True,False,True,False,False,"[588, 590]"
588,0,False,False,False,True,False,[]
646,2,True,False,True,False,False,"[647, 648]"
652,0,False,False,False,True,False,[]
655,4,True,False,True,False,False,"[656, 657, 659]"
658,2,True,False,True,False,False,[660]
666,5,True,False,True,False,False,"[667, 670, 673, 682, 689, 692]"
668,7,True,False,True,False,False,"[669, 671, 672, 674, 677, 681, 780]"
675,7,True,True,False,False,False,"[676, 678, 683, 694, 771, 779]"
680,3,True,False,True,False,False,"[684, 685, 686]"
687,7,True,False,True,False,False,"[688, 690, 691, 695, 698]"
693,3,True,False,True,False,False,"[696, 697]"
700,4,True,False,True,False,False,"[701, 702, 704, 708]"
705,1,True,False,True,False,False,"[706, 707]"
721,9,True,True,False,False,True,"[722, 723, 724, 725, 726, 727, 728, 729, 730, 731, 732, 734, 735, 736, 737, 738, 739, 741, 742, 743, 744, 745, 746, 747, 748, 749, 750, 751, 752, 755, 756, 757, 758, 759, 760, 761, 762, 763, 764, 765, 766, 767, 768, 769, 770, 771, 772, 773, 774, 775, 776, 777, 778, 779, 780, 781, 782, 783, 784, 785, 786, 787, 788, 789, 790, 791, 792, 794, 796, 797, 798, 799, 800, 801, 802, 803, 804, 805, 806, 807, 808, 809, 810, 811, 812, 814, 816, 817, 818, 819, 820, 821, 823, 824, 825, 826, 827, 828, 830, 832, 833, 834, 835, 836, 837, 838, 840, 841, 842, 843]"
734,10,True,True,False,False,True,"[735, 747, 760, 796, 799, 800, 803]"
742,5,True,False,True,False,False,"[743, 744, 746, 750, 763, 827, 854]"
745,4,True,False,True,False,False,"[749, 770, 783]"
751,4,True,False,True,False,False,"[755, 769, 782, 830, 832, 833, 843]"
752,8,True,True,False,False,False,"[756, 759, 768, 778, 797, 801, 859]"
762,0,False,False,False,True,False,[]
774,1,True,False,True,False,True,"[777, 785, 791, 816, 818, 867, 893]"
775,2,True,False,True,False,False,[776]
781,1,True,False,True,False,False,[786]
788,7,True,False,True,False,True,"[795, 802, 811, 851, 853]"
805,6,True,False,True,False,False,"[806, 808, 809, 810, 819]"
812,5,True,False,True,False,False,"[817, 834, 835, 841]"
821,5,True,False,True,False,False,"[823, 826, 828, 840, 940]"
842,6,True,True,False,False,False,"[847, 862, 865, 898, 901, 930, 947, 951, 961]"
844,0,False,False,False,True,False,"[845, 869]"
848,6,True,True,False,False,False,"[849, 856, 858, 868, 870, 874, 885, 888, 904, 908, 920, 924, 932, 968]"
855,2,True,False,True,False,False,"[857, 878]"
863,1,True,False,True,False,False,[864]
868,3,True,False,True,False,False,"[870, 872, 873, 888]"
877,2,True,False,True,False,False,[880]
892,9,True,True,False,False,False,"[894, 896, 909, 931, 938, 964, 981]"
895,6,True,True,False,False,False,"[897, 900, 912, 925]"
898,6,True,False,True,False,False,"[901, 930, 947, 951, 961, 976]"
904,5,True,False,True,False,False,"[905, 907, 910, 928, 959, 962]"
908,9,True,True,False,False,True,"[909, 910, 911, 912, 914, 917, 919, 923, 925, 928, 929, 930, 931, 934, 935, 936, 937, 938, 939, 951, 957, 958, 959, 961, 962, 963, 964, 965, 966, 974, 975, 976, 980, 981, 982, 990, 991, 994, 995, 996, 1004, 1006, 1014, 1019, 1020, 1025, 1026]"
926,2,True,False,True,False,True,"[927, 935, 936, 940, 943, 945, 946, 952, 953, 965, 966, 967, 968, 971, 972, 974, 975, 978, 980, 983, 984, 985, 986, 994, 1000, 1001, 1003, 1021, 1023, 1028, 1029, 1030, 1036, 1039, 1040, 1041, 1042, 1044, 1046]"
932,6,True,False,True,False,False,"[933, 934, 937, 958, 991]"
941,6,True,False,True,False,False,"[942, 957, 982, 990]"
947,6,True,True,False,False,False,"[948, 951, 961, 976]"
979,3,True,False,True,False,False,"[1074, 1084, 1089]"
992,2,True,False,True,False,False,"[993, 1092]"
997,3,True,False,True,False,False,"[998, 1020, 1091]"
1011,0,False,False,False,True,False,"[1012, 1018]"
1031,3,True,False,True,False,False,"[1032, 1033, 1037]"
1034,0,False,False,False,True,False,[1035]
1054,4,True,False,True,False,False,"[1055, 1056, 1057, 1058, 1072, 1081, 1085]"
1068,5,True,False,True,False,False,"[1069, 1071, 1082, 1086]"
1072,4,True,False,True,False,False,"[1073, 1081, 1085]"
1074,3,True,False,True,False,False,"[1075, 1084, 1089]"
1078,6,True,False,True,False,False,"[1079, 1080, 1083, 1088, 1122]"
1094,10,True,False,True,False,False,"[1095, 1096, 1131, 1134, 1144, 1181]"
1097,5,True,False,True,False,False,"[1098, 1106, 1107, 1108]"
1112,5,True,False,True,False,False,"[1113, 1114, 1116, 1118]"
1119,1,True,False,True,False,False,"[1120, 1121, 1232]"
1132,7,True,True,False,False,True,"[1133, 1134, 1135, 1136, 1137, 1138, 1140, 1141, 1143, 1144, 1148, 1151, 1152, 1153, 1157, 1158, 1161, 1164, 1168, 1169, 1170, 1171, 1172, 1173, 1174, 1175, 1177, 1178, 1179, 1180, 1181, 1182, 1183, 1184, 1186, 1187, 1190, 1192, 1193, 1196, 1197, 1198, 1199, 1200, 1201, 1202, 1203, 1204, 1208, 1209, 1212, 1213, 1214, 1217, 1218, 1219, 1222, 1223, 1224, 1238, 1239, 1241, 1242, 1244, 1250]"
1141,5,True,False,True,False,False,"[1142, 1143, 1151, 1171, 1174, 1180]"
1148,3,True,False,True,False,False,"[1149, 1161, 1179, 1187]"
1155,8,True,True,False,False,False,"[1156, 1157, 1158, 1170, 1182]"
1159,1,True,False,True,False,False,"[1160, 1164]"
1162,1,True,False,True,False,False,"[1163, 1169]"
1166,3,True,False,True,False,False,"[1167, 1168, 1173, 1191, 1220, 1221, 1225, 1228, 1240, 1276, 1284]"
1175,6,True,False,True,False,False,"[1176, 1178, 1183]"
1184,2,True,False,True,False,False,"[1185, 1186]"
1188,4,True,False,True,False,False,"[1189, 1192, 1193, 1199]"
1194,8,True,True,False,False,False,"[1195, 1196, 1197, 1200, 1201]"
1206,8,True,False,True,False,False,"[1207, 1208, 1218, 1224]"
1210,7,True,False,True,False,False,"[1211, 1212, 1213, 1214, 1217, 1223]"
1215,6,True,False,True,False,False,"[1216, 1222, 1248, 1256, 1269, 1275, 1283]"
1225,3,True,False,True,False,True,"[1226, 1228, 1230, 1240, 1276, 1284, 1293, 1312, 1330, 1341]"
1232,0,False,False,False,True,False,"[1233, 1245]"
1236,8,True,True,False,False,False,"[1237, 1238, 1239, 1241, 1242, 1244]"
1248,6,True,False,True,False,False,"[1249, 1256, 1269, 1275, 1283]"
1253,3,True,False,True,False,False,"[1254, 1255, 1274]"
1259,7,True,True,False,False,False,"[1260, 1262, 1263, 1268, 1291]"
1265,1,True,False,True,False,False,"[1266, 1267]"
1270,9,True,False,True,False,True,"[1271, 1272, 1273, 1282, 1300, 1309, 1338]"
1277,1,True,False,True,False,False,"[1278, 1279]"
1280,1,True,False,True,False,False,"[1281, 1287]"
1288,0,False,False,False,True,False,"[1289, 1290]"
1296,7,True,True,False,False,False,"[1297, 1299, 1304, 1332]"
1301,1,True,False,True,False,False,"[1302, 1303]"
1306,2,True,False,True,False,True,"[1307, 1308, 1310, 1325]"
1313,2,True,False,True,False,False,"[1314, 1315, 1320]"
1316,3,True,False,True,False,False,"[1317, 1318]"
1322,4,True,False,True,False,False,"[1323, 1326, 1340, 1352, 1354]"
1327,1,True,False,True,False,False,"[1328, 1329, 1399]"
1336,0,False,False,False,True,True,"[1337, 1347, 1351, 1353, 1359, 1360, 1363, 1371, 1378, 1381, 1385, 1388, 1394, 1399, 1406, 1420, 1435, 1436, 1455]"
1355,1,True,False,True,False,False,"[1356, 1357]"
1365,3,True,False,True,False,False,"[1366, 1376, 1377]"
1369,0,False,False,False,True,False,[]
1395,8,True,True,False,False,False,"[1396, 1397, 1401, 1404, 1407, 1420, 1422, 1451, 1466, 1479, 1499]"
1402,9,True,True,False,False,False,"[1403, 1405, 1414, 1415, 1417, 1429, 1430, 1450]"
1407,9,True,True,False,False,False,"[1409, 1410, 1411, 1416, 1419, 1423, 1445]"
1412,11,True,True,False,False,False,"[1413, 1418, 1431, 1446, 1459, 1462]"
1424,9,True,True,False,False,False,"[1425, 1426, 1427, 1432, 1443, 1448]"
1433,0,False,False,False,True,False,[1434]
1441,7,True,True,False,False,False,"[1442, 1444, 1447]"
1451,1,True,False,True,False,False,"[1452, 1453, 1473, 1476]"
1458,0,False,False,False,True,False,[]
1463,1,True,False,True,False,False,"[1464, 1465, 1467, 1470, 1480, 1494, 1499, 1504, 1529, 1530, 1541, 1561]"
1473,1,True,False,True,False,False,[1476]
1474,5,True,False,True,False,False,"[1477, 1487, 1490, 1492, 1496]"
1481,1,True,False,True,False,False,"[1482, 1483]"
1484,1,True,False,True,False,False,"[1485, 1486]"
1488,2,True,False,True,False,False,"[1489, 1491]"
1511,6,True,True,False,False,False,"[1512, 1515, 1523, 1526]"
1537,7,True,False,True,False,False,"[1538, 1547, 1549, 1553, 1565, 1569, 1580, 1584, 1588, 1590, 1603, 1610, 1614, 1620, 1630, 1643, 1657]"
1539,7,True,True,False,False,False,"[1540, 1556, 1557, 1573, 1579, 1591]"
1542,4,True,False,True,False,False,"[1548, 1550, 1552, 1555]"
1543,6,True,True,False,False,False,"[1551, 1567, 1574, 1578, 1592, 1624]"
1554,7,True,False,True,False,False,"[1571, 1575, 1577, 1587, 1593, 1602]"
1564,7,True,True,False,False,False,"[1565, 1566, 1576, 1586, 1594, 1601]"
1568,5,True,False,True,False,False,"[1569, 1570, 1572, 1582, 1589, 1595]"
1583,6,True,False,True,False,False,"[1584, 1585, 1596, 1604]"
1609,4,True,False,True,False,False,"[1610, 1617]"
1613,7,True,False,True,False,False,"[1614, 1616, 1623, 1624]"
1619,0,False,False,False,True,True,"[1620, 1625, 1626, 1631, 1634, 1637, 1648, 1685, 1709, 1716, 1718, 1721, 1728, 1740]"
1629,0,False,False,False,True,False,[1630]
1641,3,True,False,True,False,False,"[1655, 1671, 1674]"
1642,1,True,False,True,False,False,"[1643, 1651]"
1644,0,False,False,False,True,False,[1661]
1652,9,True,True,False,False,False,"[1653, 1665, 1666, 1667, 1668, 1669, 1673, 1719, 1720]"
1656,5,True,False,True,False,False,"[1657, 1660, 1663, 1681, 1710]"
1658,4,True,False,True,False,False,"[1659, 1662, 1664, 1682]"
1678,4,True,False,True,False,False,"[1679, 1680, 1683, 1702, 1711]"
1687,0,False,False,False,True,False,"[1688, 1689]"
1693,3,True,False,True,False,False,"[1694, 1695, 1712]"
1696,1,True,False,True,False,False,"[1697, 1704, 1764, 1792]"
1698,1,True,False,True,False,False,"[1699, 1713]"
1725,7,True,True,False,False,False,"[1726, 1727, 1748, 1799, 1809, 1816, 1836]"
1731,4,True,False,True,False,False,"[1732, 1738, 1744, 1817]"
1733,5,True,False,True,False,False,"[1734, 1737, 1749, 1776, 1808, 1818]"
1735,1,True,False,True,False,False,"[1736, 1739]"
1753,2,True,False,True,False,False,"[1754, 1761, 1766]"
1762,0,False,False,False,True,False,[1763]
1764,1,True,False,True,False,False,"[1765, 1792]"
1770,4,True,False,True,False,True,"[1771, 1772, 1774, 1775, 1810, 1814, 1833]"
1777,5,True,False,True,False,False,"[1782, 1783, 1800, 1813]"
1778,5,True,True,False,False,False,"[1785, 1801, 1812, 1828]"
1786,2,True,False,True,False,False,"[1787, 1790, 1791]"
1788,5,True,False,True,False,False,"[1789, 1793, 1794, 1819, 1839]"
1795,5,True,False,True,False,False,"[1802, 1804, 1811, 1820, 1841]"
1797,10,True,True,False,False,False,"[1798, 1803, 1807, 1821, 1829]"
1822,3,True,False,True,False,False,"[1823, 1826, 1840, 1843]"
1824,4,True,False,True,False,False,"[1825, 1827, 1837, 1838]"
1830,0,False,False,False,True,True,"[1831, 1844]"
1834,8,True,False,True,False,False,"[1835, 1845, 1848, 1852, 1864, 1873, 1886, 1905]"
1846,6,True,False,True,False,False,"[1847, 1865, 1867, 1878, 1887, 1953]"
1849,6,True,False,True,False,True,"[1850, 1866, 1877, 1890, 1933]"
1854,2,True,False,True,False,False,"[1855, 1861, 1949, 1958, 1966]"
1856,1,True,False,True,False,False,[1860]
1868,6,True,False,True,False,False,"[1869, 1872, 1876, 1891, 1932]"
1870,5,True,False,True,False,False,"[1871, 1874, 1875, 1892, 1931]"
1879,4,True,False,True,False,False,"[1880, 1883, 1893, 1942, 1948, 1969, 1992, 1998]"
1881,4,True,False,True,False,False,"[1882, 1884, 1894]"
1895,3,True,False,True,False,False,"[1896, 1906, 1921, 1930]"
1897,8,True,False,True,False,False,"[1898, 1900, 1904, 1907, 1937, 1954, 2005]"
1909,0,False,False,False,True,False,"[1910, 1915, 1918]"
1911,6,True,False,True,False,False,"[1912, 1914, 2004, 2038]"
1916,0,False,False,False,True,False,[1917]
1919,0,False,False,False,True,False,"[1920, 1923, 1927, 1957, 1980]"
1925,7,True,False,True,False,False,"[1926, 1928, 1929, 1944, 2044]"
1935,0,False,False,False,True,False,[1936]
1938,5,True,False,True,False,False,"[1939, 1940, 1941, 1943]"
1945,8,True,False,True,False,False,"[1946, 1947, 1955, 2001, 2029, 2045, 2076]"
1949,5,True,False,True,False,False,"[1950, 1958, 1966, 2046, 2077]"
1951,8,True,True,False,False,False,"[1952, 1965, 1970, 2000, 2068]"
1960,8,True,True,False,False,True,"[1961, 1965, 1966, 1967, 1968, 1970, 1971, 1978, 1985, 1988, 1990, 1991, 1993, 1994, 1997, 1998, 1999, 2000, 2001, 2004, 2005, 2010, 2011, 2028, 2029, 2031, 2032, 2035, 2036, 2037, 2038, 2039, 2040, 2041, 2042, 2043, 2044, 2045, 2046, 2047, 2056, 2060, 2061, 2064, 2067, 2068, 2069, 2070, 2071, 2072, 2073, 2074, 2075, 2076, 2077, 2080, 2081, 2082, 2083, 2084, 2088, 2093, 2094, 2095, 2096, 2101]"
1963,8,True,True,False,False,False,"[1964, 1968, 1971, 2047, 2069]"
1973,4,True,False,True,False,False,"[1974, 2042]"
1975,4,True,False,True,False,False,"[1976, 1978, 1985, 1988, 2085, 2086, 2088, 2094, 2095, 2103]"
1982,4,True,False,True,False,False,"[1983, 1991, 1994]"
1986,2,True,False,True,False,False,"[1987, 1990, 1993]"
1995,0,False,False,False,True,False,"[1996, 2030]"
2002,4,True,False,True,False,False,"[2003, 2041]"
2006,5,True,False,True,False,True,"[2007, 2040, 2074, 2080]"
2008,7,True,False,True,False,False,"[2009, 2010, 2039, 2073, 2115]"
2033,3,True,False,True,False,False,"[2034, 2056, 2082, 2153]"
2062,3,True,False,True,False,False,"[2063, 2072, 2083, 2096]"
2065,4,True,False,True,False,False,"[2066, 2071, 2084, 2163]"
2085,4,True,False,True,False,False,"[2086, 2088, 2094, 2095, 2103]"
2090,8,True,True,False,False,False,"[2091, 2101, 2106]"
2097,0,False,False,False,True,False,[2098]
2099,0,False,False,False,True,False,"[2100, 2125, 2140]"
2117,4,True,False,True,False,False,"[2118, 2127, 2128, 2130, 2166, 2177, 2207, 2216]"
2119,0,False,False,False,True,False,"[2120, 2150]"
2122,2,True,False,True,False,False,"[2123, 2129, 2151]"
2131,1,True,False,True,False,False,"[2132, 2136, 2139, 2142, 2149]"
2133,6,True,False,True,False,True,"[2134, 2137, 2141, 2144, 2145, 2148, 2199, 2241, 2242, 2251, 2252]"
2142,1,True,False,True,False,False,"[2143, 2149]"
2156,5,True,False,True,False,False,"[2157, 2168, 2178, 2191, 2204, 2223]"
2158,0,False,False,False,True,False,"[2159, 2164]"
2161,0,False,False,False,True,False,"[2162, 2165]"
2166,5,True,False,True,False,False,"[2167, 2177, 2207, 2216, 2300]"
2169,2,True,False,True,False,False,"[2170, 2200, 2208, 2211, 2222]"
2173,0,False,False,False,True,False,"[2174, 2187]"
2175,1,True,False,True,False,False,"[2176, 2210]"
2181,3,True,False,True,False,False,"[2182, 2183, 2185]"
2194,6,True,True,False,False,False,"[2195, 2201, 2276, 2286, 2297, 2325]"
2202,5,True,False,True,False,False,"[2203, 2209, 2301, 2329]"
2205,0,False,False,False,True,False,"[2206, 2315]"
2214,0,False,False,False,True,False,[2215]
2218,1,True,False,True,False,False,"[2219, 2221]"
2228,6,True,False,True,False,False,"[2229, 2230, 2327, 2328]"
2231,5,True,False,True,False,False,"[2232, 2282, 2326, 2347]"
2234,5,True,False,True,False,False,"[2235, 2275, 2287, 2292, 2305]"
2242,7,True,True,False,False,False,"[2243, 2251, 2252, 2270, 2281]"
2244,1,True,False,True,False,False,"[2245, 2250]"
2246,6,True,True,False,False,False,"[2247, 2249, 2272, 2280, 2291, 2303, 2335, 2344, 2353, 2366, 2374]"
2254,5,True,False,True,False,False,"[2255, 2279, 2296, 2306, 2318, 2319]"
2273,3,True,False,True,False,False,"[2274, 2278]"
2276,6,True,True,False,False,False,"[2277, 2286, 2288, 2297, 2325]"
2289,0,False,False,False,True,False,[2290]
2293,1,True,False,True,False,False,"[2294, 2295]"
2298,7,True,True,False,False,False,"[2299, 2302, 2324, 2380]"
2307,2,True,False,True,False,False,"[2308, 2316, 2317]"
2309,0,False,False,False,True,False,"[2310, 2320, 2364, 2427]"
2311,8,True,True,False,False,False,"[2312, 2320, 2349, 2351, 2377]"
2321,0,False,False,False,True,False,"[2322, 2323]"
2331,8,True,False,True,False,False,"[2332, 2379]"
2333,8,True,False,True,False,False,"[2334, 2346, 2378]"
2349,8,True,True,False,False,False,"[2350, 2351, 2377]"
2354,7,True,False,True,False,False,"[2355, 2376]"
2358,8,True,True,False,False,False,"[2359, 2375]"
2360,8,True,True,False,False,False,"[2361, 2366, 2374]"
2367,9,True,True,False,False,False,"[2368, 2372]"
2369,7,True,True,False,False,True,"[2370, 2371, 2384, 2387, 2389, 2394, 2396, 2403, 2405, 2414, 2419, 2422, 2426, 2428, 2445, 2447, 2449, 2455, 2458, 2461, 2466, 2472, 2475, 2477, 2479, 2480, 2482, 2484, 2492, 2496, 2498, 2501]"
2387,3,True,False,True,False,False,"[2388, 2417]"
2389,3,True,False,True,False,False,"[2390, 2391, 2392, 2401, 2416]"
2403,4,True,False,True,False,False,"[2404, 2411, 2418, 2507, 2511]"
2405,0,False,False,False,True,False,"[2406, 2407]"
2414,0,False,False,False,True,False,"[2415, 2463]"
2419,1,True,False,True,False,False,"[2420, 2444]"
2422,0,False,False,False,True,False,[2423]
2428,2,True,False,True,False,False,"[2429, 2498, 2500, 2567, 2571, 2576]"
2445,9,True,True,False,False,False,"[2446, 2454, 2470, 2522, 2544, 2550]"
2447,2,True,False,True,False,False,"[2448, 2453, 2527, 2548, 2549, 2552]"
2455,0,False,False,False,True,True,"[2456, 2457, 2484, 2485, 2504, 2516, 2521, 2523, 2547]"
2458,1,True,False,True,False,False,"[2459, 2460, 2580]"
2461,5,True,False,True,False,False,"[2462, 2464, 2468]"
2466,7,True,True,False,False,False,"[2467, 2469, 2471, 2474, 2487]"
2472,7,True,True,False,False,False,"[2473, 2478, 2488, 2491]"
2475,2,True,False,True,False,False,"[2476, 2477, 2479, 2575]"
2480,4,True,False,True,False,False,"[2481, 2489, 2490]"
2482,0,False,False,False,True,False,[2483]
2492,4,True,False,True,False,False,"[2493, 2494, 2495]"
2496,2,True,False,True,False,False,"[2497, 2527, 2549]"
2498,6,True,False,True,False,False,"[2499, 2500, 2567, 2571, 2576, 2577, 2585, 2642]"
2501,0,False,False,False,True,False,"[2502, 2503, 2505, 2508, 2510, 2524, 2558, 2560, 2563, 2566, 2568, 2570, 2581, 2583, 2588, 2602, 2624, 2626, 2633, 2635, 2644, 2652, 2654]"
2504,2,True,False,True,False,False,"[2505, 2548, 2552]"
2507,1,True,False,True,False,False,"[2508, 2511]"
2509,0,False,False,False,True,False,"[2510, 2517]"
2523,0,False,False,False,True,False,[2524]
2557,5,True,False,True,False,False,"[2558, 2620, 2631]"
2559,1,True,False,True,False,False,"[2560, 2561]"
2562,2,True,False,True,False,False,"[2563, 2579]"
2565,2,True,False,True,False,False,"[2566, 2572, 2578]"
2567,6,True,False,True,False,False,"[2568, 2571, 2576, 2577, 2585, 2642]"
2569,7,True,True,False,False,True,"[2570, 2573, 2574, 2599, 2616, 2630, 2636, 2648, 2650]"
2580,2,True,False,True,False,False,"[2581, 2623, 2629, 2639]"
2582,0,False,False,False,True,False,[2583]
2587,2,True,False,True,False,False,"[2588, 2619, 2622]"
2589,4,True,False,True,False,False,"[2590, 2618, 2627, 2641]"
2601,3,True,False,True,False,False,"[2602, 2617, 2621, 2640]"
2623,2,True,False,True,False,False,"[2624, 2629, 2639]"
2625,2,True,False,True,False,False,"[2626, 2628, 2638]"
2632,1,True,False,True,False,False,"[2633, 2637]"
2634,0,False,False,False,True,False,[2635]
2643,0,False,False,False,True,False,[2644]
2651,0,False,False,False,True,False,"[2652, 2656]"
2653,0,False,False,False,True,False,"[2654, 2655]"
2660,0,False,False,False,True,False,[2661]
2662,4,True,False,True,False,False,"[2663, 2667, 2671, 2675, 2775]"
2664,4,True,False,True,False,False,"[2665, 2668, 2674]"
2669,4,True,False,True,False,False,"[2670, 2676]"
2672,10,True,True,False,False,False,"[2673, 2680, 2683, 2687]"
2688,0,False,False,False,True,False,[2689]
2690,6,True,True,False,False,False,"[2691, 2694, 2696, 2730, 2749]"
2692,4,True,False,True,False,False,"[2693, 2695, 2708, 2760]"
2698,3,True,False,True,False,False,"[2699, 2702, 2707]"
2700,5,True,False,True,False,False,"[2701, 2706, 2774, 2795]"
2704,2,True,False,True,False,False,"[2705, 2773, 2809]"
2710,3,True,False,True,False,False,"[2711, 2721, 2772]"
2715,3,True,False,True,False,True,"[2716, 2718, 2720, 2746, 2748, 2752, 2755, 2758, 2763, 2765, 2767, 2771, 2778, 2780, 2784, 2787, 2789, 2792, 2804, 2806, 2815, 2819, 2825, 2827, 2835, 2841, 2843, 2845, 2846]"
2717,0,False,False,False,True,False,[2718]
2719,2,True,False,True,False,False,"[2720, 2770, 2786, 2857]"
2745,0,False,False,False,True,False,"[2746, 2754]"
2747,4,True,False,True,False,False,"[2748, 2750, 2753, 2802]"
2751,2,True,False,True,False,False,"[2752, 2759]"
2757,2,True,False,True,False,False,"[2758, 2794, 2796, 2797]"
2762,4,True,False,True,False,False,"[2763, 2768, 2776, 2788, 2882, 2884, 2887]"
2764,4,True,False,True,False,False,"[2765, 2769, 2801, 2889]"
2766,0,False,False,False,True,False,[2767]
2777,2,True,False,True,False,False,"[2778, 2810, 2811]"
2779,0,False,False,False,True,True,"[2780, 2785, 2798, 2800, 2915]"
2788,6,True,False,True,False,False,"[2789, 2884, 2914]"
2791,9,True,True,False,False,False,"[2792, 2799, 2879, 2913]"
2803,1,True,False,True,False,False,"[2804, 2854]"
2805,2,True,False,True,False,False,"[2806, 2839, 2878]"
2814,7,True,True,False,False,False,"[2815, 2883, 2912]"
2818,2,True,False,True,False,False,"[2819, 2823, 2836]"
2820,0,False,False,False,True,False,"[2821, 2838]"
2824,0,False,False,False,True,False,"[2825, 2850]"
2826,1,True,False,True,False,False,"[2827, 2849]"
2834,2,True,False,True,False,True,"[2835, 2837, 2846, 2872, 2960, 2961]"
2840,2,True,False,True,False,False,"[2841, 2853]"
2842,0,False,False,False,True,False,[2843]
2844,3,True,False,True,False,False,"[2845, 2852, 2873]"
2857,6,True,True,False,False,False,"[2858, 2894, 2917]"
2874,0,False,False,False,True,False,[2875]
2876,0,False,False,False,True,False,[2877]
2885,6,True,False,True,False,False,"[2886, 2899, 2903, 2909]"
2887,6,True,False,True,False,False,"[2888, 2900, 2910]"
2904,8,True,True,False,False,False,"[2905, 2907, 2908]"
2930,2,True,False,True,False,False,"[2931, 2951, 2953]"
2932,2,True,False,True,False,False,"[2933, 2945, 3023]"
2934,3,True,False,True,False,False,"[2935, 2944, 2950, 2984]"
2939,2,True,False,True,False,False,"[2940, 2943, 2947, 2954, 2958, 2989, 2991, 3011, 3013, 3015, 3020, 3022, 3027, 3029, 3032, 3035, 3041, 3048, 3055, 3057, 3060, 3070]"
2942,2,True,False,True,False,False,"[2943, 2949]"
2946,2,True,False,True,False,False,"[2947, 2948]"
2957,0,False,False,False,True,False,[2958]
2963,7,True,False,True,False,False,"[2964, 2965]"
2966,0,False,False,False,True,False,[2970]
2967,0,False,False,False,True,False,[2972]
2988,3,True,False,True,False,False,"[2989, 3010]"
2990,0,False,False,False,True,False,"[2991, 2993]"
3012,2,True,False,True,False,False,"[3013, 3016, 3018]"
3014,0,False,False,False,True,True,"[3015, 3017, 3038, 3067, 3077, 3089, 3125]"
3019,5,True,False,True,False,False,"[3020, 3025, 3066, 3075, 3088]"
3021,1,True,False,True,False,False,"[3022, 3024]"
3026,2,True,False,True,False,False,"[3027, 3065, 3071]"
3028,4,True,False,True,False,False,"[3029, 3030, 3064]"
3031,4,True,False,True,False,False,"[3032, 3033, 3039, 3046, 3081]"
3034,2,True,False,True,False,False,"[3035, 3092, 3097, 3103]"
3040,2,True,False,True,False,False,"[3041, 3042, 3058]"
3047,12,True,True,False,False,True,"[3048, 3058, 3061, 3063, 3064, 3065, 3066, 3067, 3068, 3071, 3072, 3073, 3074, 3075, 3077, 3078, 3081, 3084, 3088, 3089, 3096, 3097, 3101, 3103, 3112, 3113, 3115, 3116, 3121, 3125, 3141, 3146, 3148, 3153, 3164]"
3054,0,False,False,False,True,False,"[3055, 3062]"
3056,0,False,False,False,True,False,[3057]
3059,3,True,False,True,False,False,"[3060, 3063, 3074]"
3069,2,True,False,True,False,False,"[3070, 3072, 3073]"
3079,0,False,False,False,True,False,[3080]
3090,4,True,False,True,False,False,"[3091, 3096, 3101, 3104, 3106, 3112, 3127, 3132, 3138, 3171, 3188]"
3092,2,True,False,True,False,False,"[3093, 3097, 3103]"
3099,5,True,False,True,False,False,"[3100, 3113, 3115]"
3104,1,True,False,True,False,False,"[3105, 3153]"
3106,3,True,False,True,False,False,"[3107, 3116, 3181, 3215, 3225]"
3119,3,True,False,True,False,False,"[3120, 3121]"
3127,0,False,False,False,True,False,"[3128, 3184]"
3129,1,True,False,True,False,False,"[3130, 3141]"
3135,2,True,False,True,False,False,"[3136, 3146, 3148]"
3154,7,True,True,False,False,False,"[3155, 3180, 3213, 3224, 3237, 3240, 3241, 3243, 3247]"
3160,6,True,False,True,False,False,"[3161, 3164, 3172, 3228, 3233, 3261, 3281]"
3162,1,True,False,True,False,False,"[3163, 3181, 3194, 3219]"
3166,4,True,False,True,False,False,"[3167, 3182, 3223, 3255, 3260, 3287]"
3173,0,False,False,False,True,False,"[3174, 3175]"
3176,1,True,False,True,False,False,"[3177, 3190, 3191, 3293]"
3185,2,True,False,True,False,False,"[3186, 3193, 3222, 3250]"
3194,1,True,False,True,False,False,"[3195, 3219]"
3196,3,True,False,True,False,True,"[3197, 3212, 3214, 3216, 3217, 3220, 3234, 3244, 3246, 3248, 3255, 3262, 3263, 3265, 3269, 3271, 3274, 3277, 3279, 3283, 3288, 3317, 3323, 3330, 3343]"
3217,0,False,False,False,True,False,[3218]
3220,0,False,False,False,True,False,[3221]
3234,0,False,False,False,True,False,[3235]
3244,1,True,False,True,False,False,"[3245, 3246]"
3248,4,True,False,True,False,False,"[3296, 3299, 3326]"
3255,4,True,False,True,False,False,"[3260, 3287]"
3265,3,True,False,True,False,False,"[3273, 3280, 3341]"
3269,2,True,False,True,False,False,"[3270, 3272, 3340, 3395, 3413]"
3271,0,False,False,False,True,False,[]
3274,0,False,False,False,True,False,[3275]
3277,0,False,False,False,True,False,[3278]
3288,2,True,False,True,False,False,"[3289, 3339]"
3317,4,True,False,True,False,False,"[3327, 3329]"
3323,1,True,False,True,False,False,[3325]
3330,8,True,False,True,False,False,"[3331, 3348, 3357, 3363, 3376, 3418, 3423]"
3343,7,True,True,False,False,False,"[3347, 3354, 3362, 3387, 3388, 3392, 3414, 3435, 3474]"
3351,9,True,True,False,False,False,"[3352, 3354, 3357, 3360, 3361, 3362, 3363, 3364, 3365, 3366, 3373, 3374, 3376, 3380, 3381, 3382, 3386, 3387, 3388, 3389, 3392, 3397, 3400, 3413, 3414, 3415, 3416, 3417, 3418, 3421, 3422, 3423, 3425, 3426, 3427, 3428, 3429, 3435, 3437, 3438, 3439, 3440, 3441, 3442, 3443, 3444, 3445, 3446, 3447, 3452, 3453, 3454, 3455, 3456, 3457, 3459, 3460, 3461, 3462, 3463, 3464, 3465, 3466, 3467, 3468, 3471, 3474, 3476, 3477, 3478, 3479, 3481, 3483, 3484, 3485]"
3358,8,True,True,False,False,False,"[3359, 3360, 3366, 3416, 3426, 3446]"
3367,7,True,False,True,False,False,"[3368, 3380, 3389, 3397, 3425, 3445, 3467, 3486]"
3370,7,True,False,True,False,False,"[3371, 3381, 3400, 3415, 3453, 3466]"
3393,4,True,False,True,False,False,"[3394, 3427, 3456, 3464, 3485]"
3395,6,True,False,True,False,False,"[3396, 3413, 3437, 3463, 3484]"
3419,9,True,True,False,False,False,"[3420, 3428, 3444, 3452, 3465, 3479, 3493, 3505]"
3429,5,True,False,True,False,False,"[3430, 3443, 3460, 3477, 3519]"
3431,9,True,True,False,False,False,"[3432, 3438, 3440, 3459, 3462, 3483, 3491, 3502]"
3433,6,True,False,True,False,False,"[3434, 3441, 3455, 3457, 3458, 3474, 3540]"
3448,2,True,False,True,False,False,"[3449, 3454]"
3450,4,True,False,True,False,False,"[3451, 3461, 3471, 3481, 3512, 3524, 3535, 3565]"
3472,8,True,False,True,False,False,"[3473, 3476, 3478, 3496, 3517]"
3488,6,True,True,False,False,False,"[3489, 3490, 3491, 3493, 3494, 3496, 3497, 3498, 3499, 3500, 3502, 3503, 3504, 3505, 3510, 3511, 3512, 3514, 3515, 3517, 3519, 3520, 3521, 3522, 3523, 3524, 3525, 3526, 3527, 3528, 3529, 3530, 3531, 3532, 3534, 3535, 3537, 3538, 3540, 3541, 3542, 3543, 3544, 3546, 3551, 3552, 3553, 3554, 3555, 3556, 3557, 3558, 3559, 3562, 3565, 3567, 3568, 3569, 3570, 3571, 3576, 3577, 3578, 3589, 3590, 3591, 3592, 3596, 3597, 3598, 3599, 3600, 3601, 3602, 3603, 3604, 3605, 3606, 3607, 3608, 3609, 3610, 3611, 3612, 3613, 3615, 3616, 3617, 3618, 3619, 3620, 3621]"
3497,2,True,False,True,False,False,"[3498, 3499]"
3503,3,True,False,True,False,False,"[3504, 3510, 3576, 3589]"
3514,2,True,False,True,False,False,"[3515, 3520]"
3521,1,True,False,True,False,False,"[3522, 3527]"
3529,0,False,False,False,True,False,"[3530, 3559]"
3531,6,True,False,True,False,False,"[3532, 3535, 3542, 3567, 3598, 3605, 3612, 3636, 3655]"
3543,2,True,False,True,False,False,"[3544, 3551, 3592]"
3552,8,True,True,False,False,False,"[3553, 3554, 3568, 3599, 3632, 3650]"
3555,0,False,False,False,True,False,"[3556, 3575, 3639]"
3569,7,True,False,True,False,False,"[3591, 3596, 3609, 3616, 3631]"
3570,1,True,False,True,False,False,"[3571, 3590, 3689, 3705, 3710]"
3576,2,True,False,True,False,False,"[3589, 3680, 3694]"
3610,1,True,False,True,False,False,"[3611, 3617]"
3620,3,True,False,True,False,False,"[3621, 3630, 3657, 3695, 3699]"
3622,6,True,True,False,False,False,"[3623, 3624, 3629, 3634]"
3643,5,True,False,True,False,False,"[3644, 3651, 3671, 3700, 3772]"
3655,3,True,False,True,False,False,"[3656, 3697]"
3657,3,True,False,True,False,False,"[3658, 3695, 3699]"
3672,4,True,False,True,False,True,"[3673, 3680, 3682, 3685, 3687, 3691, 3696, 3705, 3707, 3712, 3714, 3730, 3744, 3753, 3758, 3762, 3765, 3782, 3784, 3788, 3797]"
3680,2,True,False,True,False,False,"[3681, 3694]"
3682,9,True,False,True,False,False,"[3683, 3693, 3727, 3742, 3750, 3771, 3795, 3796]"
3685,8,True,False,True,False,False,"[3686, 3688, 3690, 3709]"
3691,0,False,False,False,True,False,[3692]
3705,0,False,False,False,True,False,"[3706, 3710, 3778, 3796]"
3707,3,True,False,True,False,False,"[3708, 3716, 3740]"
3712,8,True,True,False,False,False,"[3713, 3721, 3725, 3743, 3752, 3756, 3769, 3793]"
3714,6,True,False,True,False,False,"[3715, 3722, 3747, 3760]"
3730,10,True,True,False,False,False,"[3731, 3739, 3749, 3763, 3765, 3770, 3788, 3842]"
3744,3,True,False,True,False,False,"[3745, 3746, 3751, 3767]"
3758,0,False,False,False,True,False,"[3759, 3762]"
3765,6,True,False,True,False,False,"[3766, 3775, 3777]"
3784,8,True,True,False,False,False,"[3785, 3790, 3801, 3808]"
3788,7,True,False,True,False,False,"[3789, 3794, 3803]"
3797,0,False,False,False,True,False,"[3798, 3799]"
3806,2,True,False,True,False,False,"[3807, 3838]"
3818,5,True,False,True,False,False,"[3819, 3822, 3833, 3841, 3856]"
3842,4,True,False,True,False,False,"[3843, 3846, 3858, 3864, 3867, 3918, 3920, 3927, 3933, 3945]"
3844,1,True,False,True,False,False,"[3845, 3857, 3878, 3908, 3961]"
3848,4,True,False,True,False,False,"[3849, 3853]"
3875,3,True,False,True,False,False,"[3876, 3881]"
3883,0,False,False,False,True,False,"[3884, 3886]"
3894,3,True,False,True,False,False,"[3895, 3896, 3906, 3912]"
3898,0,False,False,False,True,False,"[3899, 3916]"
3903,0,False,False,False,True,False,"[3904, 3905, 3921]"
3910,2,True,False,True,False,False,"[3911, 3914, 3972, 3981]"
3920,6,True,False,True,False,False,"[3927, 3933, 3945, 3976]"
3923,0,False,False,False,True,False,"[3924, 3928, 3929]"
3930,5,True,False,True,False,False,"[3934, 3937, 3950, 3965, 3977]"
3947,6,True,False,True,False,False,"[3950, 3952, 3956, 3957, 3958, 3959, 3960, 3965, 3969, 3970, 3976, 3977, 3978, 3979, 3982, 3990, 3991, 3992, 3993, 3999, 4000, 4001, 4007, 4010, 4011, 4012, 4016, 4020, 4021, 4022, 4031, 4034, 4040, 4043, 4046, 4050, 4055, 4057, 4062, 4068]"
3948,3,True,False,True,False,False,"[3949, 3969]"
3953,1,True,False,True,False,False,"[3954, 3956, 3963]"
3967,3,True,False,True,False,False,"[3968, 3979]"
3972,0,False,False,False,True,False,"[3973, 3981]"
3974,6,True,False,True,False,False,"[3975, 3978, 3990, 3993]"
3995,2,True,False,True,False,False,"[3996, 4009, 4046, 4057]"
3997,3,True,False,True,False,False,"[3998, 3999, 4007]"
4002,1,True,False,True,False,False,"[4003, 4016]"
4005,4,True,False,True,False,False,"[4006, 4010, 4075, 4087]"
4026,1,True,False,True,False,False,"[4027, 4031, 4033]"
4028,0,False,False,False,True,False,"[4029, 4054]"
4037,1,True,False,True,False,False,"[4038, 4040]"
4048,5,True,False,True,False,False,"[4049, 4055, 4100, 4148, 4157]"
4065,8,True,True,False,False,False,"[4066, 4074, 4093, 4102, 4118, 4144, 4162, 4178]"
4071,5,True,False,True,False,False,"[4072, 4079, 4086, 4122, 4143, 4185]"
4078,0,False,False,False,True,False,[4104]
4081,6,True,False,True,False,False,"[4082, 4121, 4135, 4160, 4172]"
4088,3,True,False,True,False,False,"[4089, 4123, 4128, 4156]"
4094,4,True,False,True,False,False,"[4095, 4120, 4131, 4158, 4186]"
4106,9,True,True,False,False,False,"[4107, 4108, 4117, 4150, 4155, 4168]"
4133,4,True,False,True,False,False,"[4134, 4138, 4171, 4193]"
4136,7,True,True,False,False,False,"[4137, 4190, 4192, 4254, 4258, 4263]"
4150,10,True,True,False,False,False,"[4151, 4155, 4168]"
4174,5,True,False,True,False,False,"[4177, 4179, 4247, 4250, 4253, 4255, 4277, 4284]"
4175,5,True,False,True,False,False,"[4176, 4184, 4201]"
4188,1,True,False,True,False,False,"[4189, 4191]"
4196,0,False,False,False,True,False,"[4197, 4235]"
4198,0,False,False,False,True,False,"[4199, 4204]"
4205,0,False,False,False,True,False,[4206]
4214,8,True,True,False,False,False,"[4215, 4217, 4236, 4242, 4267, 4285]"
4250,5,True,False,True,False,False,"[4253, 4255, 4277, 4284]"
4265,4,True,False,True,False,False,"[4266, 4270, 4278, 4283, 4289, 4326, 4346]"
4275,0,False,False,False,True,False,"[4276, 4280]"
4292,0,False,False,False,True,False,"[4293, 4296]"
4307,2,True,False,True,False,False,"[4308, 4327, 4391]"
4329,3,True,False,True,False,False,"[4330, 4332, 4335, 4370, 4377]"
4334,0,False,False,False,True,False,[4345]
4337,0,False,False,False,True,False,[4338]
4349,0,False,False,False,True,False,"[4350, 4351]"
4358,8,True,True,False,False,False,"[4359, 4364, 4365, 4368, 4369, 4376, 4377, 4378, 4382, 4383, 4386, 4390, 4391, 4392, 4393, 4394, 4395, 4396, 4405, 4407, 4408, 4429, 4430, 4431, 4432, 4433, 4434, 4435, 4436, 4437, 4438, 4439, 4440, 4441, 4442, 4443, 4444, 4445, 4456, 4464, 4469, 4471, 4472, 4473, 4474]"
4361,7,True,True,False,False,False,"[4364, 4368, 4376, 4392]"
4362,0,False,False,False,True,False,"[4363, 4477]"
4370,3,True,False,True,False,False,"[4371, 4377]"
4373,5,True,False,True,False,False,"[4374, 4378, 4395]"
4380,7,True,True,False,False,False,"[4381, 4382, 4383, 4384, 4385, 4386, 4387, 4388, 4389, 4390, 4391, 4392, 4393, 4394, 4395, 4396, 4397, 4398, 4401, 4402, 4403, 4404, 4405, 4407, 4408, 4410, 4414, 4415, 4416, 4417, 4418, 4419, 4420, 4421, 4422, 4423, 4424, 4425, 4426, 4427, 4428, 4429, 4430, 4431, 4432, 4433, 4434, 4435, 4436, 4437, 4438, 4439, 4440, 4441, 4442, 4443, 4444, 4445, 4446, 4447, 4448, 4449, 4450, 4452, 4453, 4454, 4455, 4456, 4457, 4458, 4459, 4460, 4462, 4463, 4464, 4465, 4466, 4467, 4468, 4469, 4471, 4472, 4473, 4474, 4475, 4476, 4477, 4478, 4479, 4480, 4481, 4482, 4484, 4485, 4486, 4487, 4488, 4489, 4490, 4491, 4493, 4494, 4495, 4496, 4497, 4498, 4500]"
4384,4,True,False,True,False,False,"[4385, 4386, 4422, 4423, 4429, 4432, 4439]"
4387,6,True,False,True,False,False,"[4388, 4390, 4394, 4482]"
4389,4,True,False,True,False,False,[4393]
4397,0,False,False,False,True,False,"[4398, 4400, 4475, 4480]"
4401,5,True,False,True,False,False,"[4402, 4405, 4408, 4434, 4443]"
4403,6,True,True,False,False,False,"[4404, 4407, 4437, 4444, 4507, 4510, 4515, 4518, 4520]"
4410,0,False,False,False,True,False,"[4411, 4413, 4529]"
4416,7,True,True,False,False,True,"[4417, 4418, 4419, 4420, 4421, 4422, 4423, 4424, 4425, 4426, 4427, 4428, 4429, 4430, 4431, 4432, 4433, 4434, 4435, 4436, 4437, 4438, 4439, 4440, 4441, 4442, 4443, 4444, 4445, 4446, 4447, 4448, 4449, 4450, 4452, 4453, 4454, 4455, 4456, 4457, 4458, 4459, 4460, 4462, 4463, 4464, 4465, 4466, 4467, 4468, 4469, 4471, 4472, 4473, 4474, 4475, 4476, 4477, 4478, 4479, 4480, 4481, 4482, 4484, 4485, 4486, 4487, 4488, 4489, 4490, 4491, 4493, 4494, 4495, 4496, 4497, 4498, 4500, 4501, 4502, 4506, 4507, 4508, 4509, 4510, 4511, 4512, 4514, 4515, 4516, 4517, 4518, 4519, 4520, 4521, 4522, 4523, 4524, 4525, 4526, 4527, 4528, 4529, 4530, 4531, 4533, 4534]"
4419,4,True,False,True,False,False,"[4420, 4436, 4440, 4445]"
4423,4,True,False,True,False,False,"[4424, 4429, 4432, 4439]"
4425,3,True,False,True,False,False,"[4426, 4431, 4435, 4441]"
4427,4,True,False,True,False,False,"[4430, 4442]"
4447,0,False,False,False,True,False,"[4448, 4451]"
4453,1,True,False,True,False,False,"[4454, 4456]"
4457,0,False,False,False,True,False,"[4458, 4474, 4481, 4487, 4491, 4499, 4529, 4544, 4545, 4561, 4572]"
4462,4,True,False,True,False,False,"[4463, 4464]"
4465,8,True,True,False,False,False,"[4466, 4469, 4471, 4473, 4519, 4527]"
4467,8,True,True,False,False,False,"[4468, 4470, 4472, 4479, 4486, 4508, 4514, 4521, 4537]"
4475,0,False,False,False,True,False,"[4476, 4480]"
4488,2,True,False,True,False,False,"[4489, 4493]"
4494,2,True,False,True,False,False,"[4495, 4498, 4502]"
4496,0,False,False,False,True,False,"[4497, 4503]"
4500,0,False,False,False,True,False,"[4501, 4505]"
4512,4,True,False,True,False,False,"[4513, 4516, 4558, 4560, 4570, 4578]"
4515,8,True,True,False,False,False,"[4518, 4520, 4528]"
4517,8,True,True,False,False,False,"[4518, 4519, 4520, 4521, 4523, 4525, 4526, 4527, 4528, 4531, 4541, 4542, 4543, 4544, 4545, 4546, 4547, 4549, 4550, 4557, 4563, 4569, 4570, 4575, 4578, 4579, 4580, 4583, 4584, 4585, 4588, 4589, 4590, 4592, 4596, 4599, 4601, 4604, 4605, 4609, 4610, 4611, 4612, 4617, 4622, 4623, 4625, 4628, 4629, 4630, 4631, 4633, 4634, 4635, 4637]"
4529,0,False,False,False,True,False,"[4530, 4535]"
4533,2,True,False,True,False,False,"[4534, 4536, 4550, 4557]"
4539,5,True,False,True,False,False,"[4540, 4541, 4546]"
4551,0,False,False,False,True,True,"[4552, 4553, 4554]"
4555,6,True,True,False,False,False,"[4556, 4563, 4575, 4584, 4599]"
4558,4,True,False,True,False,False,"[4559, 4560, 4570, 4578]"
4564,1,True,False,True,False,False,[4579]
4565,5,True,False,True,False,False,"[4566, 4569, 4585]"
4567,2,True,False,True,False,False,"[4568, 4590]"
4576,2,True,False,True,False,False,"[4577, 4580, 4589]"
4581,1,True,False,True,False,False,"[4582, 4588]"
4586,2,True,False,True,False,False,"[4587, 4592, 4601, 4705, 4707]"
4594,6,True,False,True,False,False,"[4595, 4596, 4611, 4625, 4633]"
4597,0,False,False,False,True,False,[4598]
4602,5,True,False,True,False,False,"[4603, 4605, 4609, 4623, 4634]"
4607,4,True,False,True,False,False,"[4608, 4610, 4630]"
4615,4,True,False,True,False,False,"[4616, 4628]"
4619,6,True,False,True,False,False,"[4620, 4622, 4635, 4684]"
4624,4,True,False,True,False,False,"[4629, 4631]"
4626,8,True,True,False,False,True,"[4627, 4636, 4640, 4642, 4644, 4646, 4649, 4652, 4657, 4663, 4664, 4665, 4667, 4669, 4673, 4675, 4677, 4686, 4688, 4693, 4695, 4698, 4701, 4705, 4711, 4712, 4716, 4720, 4721, 4722, 4724, 4730, 4731, 4733]"
4636,1,True,False,True,False,False,"[4637, 4691, 4693, 4704]"
4640,8,True,True,False,False,False,"[4641, 4651, 4665, 4745, 4756]"
4642,4,True,False,True,False,False,"[4648, 4650, 4654]"
4644,0,False,False,False,True,False,"[4645, 4663, 4717, 4720, 4730, 4761]"
4646,9,True,True,False,False,False,"[4647, 4649, 4664, 4669, 4686, 4698]"
4652,8,True,True,False,False,True,"[4653, 4654, 4655, 4656, 4657, 4658, 4660, 4661, 4664, 4665, 4666, 4667, 4668, 4669, 4670, 4671, 4672, 4673, 4674, 4675, 4676, 4677, 4678, 4679, 4680, 4681, 4682, 4683, 4684, 4687, 4688, 4689, 4690, 4691, 4692, 4693, 4695, 4696, 4697, 4698, 4699, 4700, 4701, 4702, 4703, 4704, 4705, 4706, 4707, 4708, 4709, 4710, 4711, 4712, 4713, 4714, 4716, 4717, 4718, 4719, 4720, 4721, 4722, 4723, 4724, 4725, 4726, 4727, 4728, 4730, 4731, 4732, 4733, 4734, 4735, 4736, 4742, 4744, 4745, 4747, 4748, 4749, 4750, 4751, 4752, 4753, 4754, 4756, 4757, 4758, 4759, 4761, 4762, 4763, 4764, 4765, 4766, 4767, 4768, 4770, 4771, 4772, 4773, 4774, 4775]"
4657,1,True,False,True,False,False,"[4658, 4661]"
4667,3,True,False,True,False,False,"[4668, 4670, 4690, 4700]"
4673,2,True,False,True,False,False,"[4674, 4680, 4683, 4689]"
4675,2,True,False,True,False,False,"[4676, 4679, 4682]"
4677,2,True,False,True,False,False,"[4678, 4681]"
4688,1,True,False,True,False,False,[4697]
4693,1,True,False,True,False,False,"[4694, 4704]"
4695,1,True,False,True,False,False,"[4696, 4699]"
4701,1,True,False,True,False,False,"[4702, 4708]"
4705,2,True,False,True,False,False,"[4706, 4707]"
4712,0,False,False,False,True,False,"[4713, 4715]"
4722,7,True,True,False,False,False,"[4723, 4727, 4728, 4736]"
4724,1,True,False,True,False,False,[4726]
4733,1,True,False,True,False,False,"[4734, 4735]"
4750,6,True,False,True,False,False,"[4751, 4754, 4764, 4783, 4784]"
4752,0,False,False,False,True,False,"[4753, 4755]"
4756,0,False,False,False,True,False,[4757]
4758,0,False,False,False,True,False,"[4759, 4760]"
4765,1,True,False,True,False,False,"[4766, 4770, 4803, 4809]"
4767,7,True,True,False,False,False,"[4768, 4774, 4802, 4826]"
4772,1,True,False,True,False,False,"[4773, 4776]"
4787,3,True,False,True,False,True,"[4788, 4789, 4791, 4801]"
4793,0,False,False,False,True,False,[]
4794,0,False,False,False,True,False,[4795]
4803,4,True,False,True,False,False,"[4804, 4809, 4904, 4908]"
4812,0,False,False,False,True,False,[4816]
4813,10,True,True,False,False,False,"[4815, 4820, 4825, 4830, 4876, 4881]"
4821,8,True,True,False,False,False,"[4822, 4824, 4827, 4880]"
4840,2,True,False,True,False,False,"[4841, 4842, 4861]"
4846,0,False,False,False,True,False,[4847]
4848,0,False,False,False,True,False,[4849]
4854,7,True,False,True,False,False,"[4855, 4857, 4859, 4864, 4875, 4877, 4882]"
4866,2,True,False,True,False,False,"[4867, 4872, 4929, 4930, 4932, 4933]"
4869,0,False,False,False,True,False,"[4870, 4871]"
4896,2,True,False,True,False,False,"[4897, 4898, 4901]"
4904,4,True,False,True,False,False,"[4905, 4908]"
4909,2,True,False,True,False,False,"[4910, 4913, 4915]"
4911,1,True,False,True,False,False,"[4912, 4914]"
4917,1,True,False,True,False,False,"[4918, 4924]"
4921,3,True,False,True,False,False,"[4922, 4923]"
4925,4,True,False,True,False,False,"[4926, 4936, 4939, 5008, 5013, 5019]"
4930,2,True,False,True,False,False,"[4931, 4932, 4933]"
4934,2,True,False,True,False,False,"[4935, 4938]"
4936,4,True,False,True,False,False,"[4937, 4939, 5008, 5013, 5019]"
4942,7,True,True,False,False,False,"[4943, 4946, 4951, 4953, 4959, 5072]"
4944,7,True,True,False,False,False,"[4945, 4950, 4958]"
4947,6,True,True,False,False,False,"[4948, 4949, 4952, 4957]"
4961,6,True,False,True,False,False,"[4962, 4963, 4971, 5005, 5011, 5021]"
4964,0,False,False,False,True,False,"[4965, 4966]"
4967,4,True,False,True,False,False,"[4968, 4973, 4986, 5042, 5044, 5051, 5064]"
4969,4,True,False,True,False,False,"[4970, 4972, 4991]"
4974,7,True,True,False,False,False,"[4975, 4976, 4994, 5012, 5020]"
4977,7,True,True,False,False,True,"[4978, 4979, 4986, 4987, 4991, 4994, 5005, 5011, 5012, 5013, 5016, 5017, 5018, 5019, 5020, 5021, 5028, 5032, 5035, 5037, 5038, 5044, 5045, 5046, 5048, 5050, 5051, 5052, 5053, 5057, 5064, 5067, 5068, 5069, 5070, 5082, 5083, 5092, 5106]"
4981,1,True,False,True,False,False,"[4982, 4987, 5036, 5060, 5074, 5090]"
4984,0,False,False,False,True,False,[4985]
5008,3,True,False,True,False,False,"[5009, 5010, 5013, 5019]"
5014,4,True,False,True,False,False,"[5015, 5016, 5017, 5018]"
5022,1,True,False,True,False,False,"[5023, 5028, 5095]"
5026,0,False,False,False,True,False,"[5027, 5031]"
5029,6,True,False,True,False,True,"[5030, 5032, 5035, 5037, 5046, 5053]"
5033,4,True,False,True,False,False,"[5034, 5038, 5052, 5057]"
5040,4,True,False,True,False,False,"[5041, 5045, 5048, 5050, 5070]"
5042,4,True,False,True,False,False,"[5043, 5044, 5051, 5064, 5149, 5150]"
5054,2,True,False,True,False,True,"[5055, 5056, 5061, 5062, 5065, 5072, 5075, 5086, 5088, 5091, 5094, 5097, 5099, 5100, 5104, 5107, 5109, 5111, 5113, 5115, 5116, 5118, 5120, 5124, 5125, 5133, 5137, 5142, 5143, 5148, 5150, 5152, 5176, 5179, 5184, 5185, 5187]"
5062,2,True,False,True,False,False,"[5063, 5067, 5068, 5193, 5195]"
5065,1,True,False,True,False,False,"[5066, 5069]"
5072,6,True,True,False,False,True,"[5082, 5083, 5106]"
5075,0,False,False,False,True,False,"[5076, 5079]"
5086,1,True,False,True,False,False,"[5087, 5223, 5226]"
5088,6,True,True,False,False,False,"[5089, 5092, 5185, 5189, 5190, 5197, 5229]"
5097,0,False,False,False,True,False,"[5098, 5099]"
5100,0,False,False,False,True,False,[5101]
5107,6,True,True,False,False,False,"[5108, 5112, 5126, 5138, 5159]"
5109,2,True,False,True,False,False,"[5110, 5123, 5132]"
5111,2,True,False,True,False,True,"[5113, 5115, 5116, 5118, 5120, 5124, 5125, 5133, 5137, 5142, 5143, 5148, 5150, 5152, 5176, 5179, 5184, 5185, 5187, 5193, 5198, 5216, 5218, 5223, 5227, 5230, 5233, 5246, 5252, 5254]"
5116,0,False,False,False,True,False,[5117]
5118,4,True,False,True,False,False,"[5119, 5121, 5131, 5216, 5220, 5222, 5243]"
5120,5,True,False,True,False,False,"[5122, 5130, 5135]"
5124,4,True,False,True,False,False,"[5129, 5139]"
5125,2,True,False,True,False,False,"[5128, 5134, 5183, 5198, 5230, 5235]"
5133,1,True,False,True,False,False,[5136]
5137,5,True,False,True,False,False,"[5140, 5141, 5179, 5183]"
5148,0,False,False,False,True,False,[5152]
5150,0,False,False,False,True,False,[5151]
5176,0,False,False,False,True,False,"[5177, 5178]"
5179,1,True,False,True,False,False,"[5180, 5183]"
5185,6,True,False,True,False,False,"[5186, 5189, 5190, 5197, 5229]"
5187,4,True,False,True,False,False,"[5188, 5191, 5196]"
5193,3,True,False,True,False,False,"[5194, 5195, 5245]"
5198,1,True,False,True,False,False,"[5199, 5200, 5230, 5235]"
5216,3,True,False,True,False,False,"[5217, 5220, 5222, 5243]"
5218,2,True,False,True,False,False,"[5219, 5221, 5225]"
5223,1,True,False,True,False,False,"[5224, 5226]"
5227,2,True,False,True,False,False,"[5228, 5232, 5236]"
5230,1,True,False,True,False,False,"[5231, 5235]"
5233,0,False,False,False,True,False,[5234]
5246,7,True,True,False,False,False,"[5247, 5248, 5249, 5250, 5259, 5285]"
5252,8,True,True,False,False,False,"[5253, 5258, 5260, 5266, 5284, 5290, 5300]"
5254,5,True,False,True,False,False,"[5255, 5257, 5271, 5283, 5297]"
5261,7,True,True,False,False,False,"[5267, 5270, 5282, 5299, 5331]"
5263,8,True,True,False,False,False,"[5264, 5269, 5278, 5292, 5296, 5330]"
5274,8,True,True,False,False,True,"[5275, 5276, 5278, 5280, 5281, 5282, 5283, 5284, 5285, 5287, 5288, 5290, 5291, 5292, 5293, 5294, 5296, 5297, 5299, 5300, 5301, 5302, 5305, 5306, 5307, 5319, 5320, 5321, 5322, 5323, 5324, 5326, 5327, 5328, 5330, 5331, 5332, 5334, 5335, 5336, 5337, 5338, 5339, 5340, 5341, 5344, 5346, 5347, 5348, 5350, 5351, 5353, 5358, 5359, 5360, 5361, 5362, 5363, 5364, 5365, 5368, 5372, 5386, 5387, 5388, 5389, 5390, 5391, 5392, 5393, 5394, 5395, 5396, 5397, 5398, 5402, 5403, 5404, 5405, 5406, 5407, 5408, 5409]"
5276,2,True,False,True,False,False,"[5277, 5280, 5291, 5341]"
5288,7,True,True,False,False,False,"[5289, 5293]"
5294,1,True,False,True,False,False,"[5295, 5301]"
5302,0,False,False,False,True,True,"[5303, 5304, 5306, 5309, 5320, 5322, 5336, 5347, 5351, 5358, 5360, 5387, 5389, 5396, 5406, 5417, 5419, 5423]"
5305,1,True,False,True,False,False,"[5306, 5307, 5308, 5310]"
5319,6,True,True,False,False,False,"[5320, 5327, 5328, 5329, 5332, 5333]"
5321,6,True,True,False,False,False,"[5322, 5324, 5325, 5326, 5334, 5364]"
5335,6,True,True,False,False,False,"[5336, 5340, 5363, 5391]"
5341,0,False,False,False,True,False,"[5342, 5343]"
5346,1,True,False,True,False,False,"[5347, 5348, 5349]"
5350,8,True,True,False,False,False,"[5351, 5362, 5372, 5398, 5448, 5449, 5453]"
5359,7,True,True,False,False,False,"[5360, 5361, 5365, 5368, 5369, 5390, 5404]"
5386,9,True,True,False,False,True,"[5387, 5388, 5389, 5390, 5391, 5392, 5393, 5394, 5395, 5396, 5397, 5398, 5402, 5403, 5404, 5405, 5406, 5407, 5408, 5409, 5410, 5411, 5412, 5413, 5414, 5416, 5417, 5418, 5419, 5420, 5421, 5422, 5423, 5424, 5425, 5426, 5427, 5429, 5430, 5431, 5433, 5434, 5435, 5436, 5437, 5438, 5439, 5440, 5441, 5442, 5443, 5444, 5445, 5446, 5447, 5448, 5449, 5450, 5451, 5452, 5453, 5454, 5455, 5456, 5457, 5458, 5459, 5460, 5461, 5462, 5464, 5465, 5466, 5468, 5469, 5470, 5472, 5474, 5475, 5476, 5477, 5478, 5479, 5480, 5482, 5483, 5484, 5485, 5487, 5488, 5489, 5491, 5492, 5493, 5494, 5495, 5496, 5497, 5498, 5499, 5500, 5501, 5502, 5503, 5504, 5505]"
5388,8,True,True,False,False,False,"[5389, 5392, 5403, 5413, 5433]"
5395,5,True,False,True,False,False,"[5396, 5400, 5409, 5412, 5435]"
5402,4,True,False,True,False,False,"[5408, 5431, 5441, 5514]"
5405,6,True,True,False,False,False,"[5406, 5407, 5410, 5411]"
5416,1,True,False,True,False,False,"[5417, 5434, 5477, 5514]"
5418,2,True,False,True,False,False,"[5419, 5424, 5426]"
5422,2,True,False,True,False,False,"[5423, 5425, 5430]"
5427,1,True,False,True,False,False,"[5428, 5429]"
5436,8,True,True,False,False,False,"[5437, 5438, 5440, 5444, 5445, 5447]"
5442,4,True,False,True,False,False,"[5443, 5446]"
5449,6,True,True,False,False,False,"[5450, 5453, 5518]"
5451,7,True,True,False,False,True,"[5452, 5454, 5455, 5456, 5457, 5458, 5459, 5461, 5462, 5464, 5465, 5466, 5468, 5469, 5470, 5474, 5475, 5476, 5478, 5480, 5482, 5483, 5484, 5485, 5487, 5488, 5489, 5491, 5493, 5494, 5495, 5496, 5497, 5498, 5499, 5500, 5501, 5503, 5504, 5505, 5510, 5512, 5516, 5518, 5524, 5525, 5528, 5531, 5533, 5534, 5537, 5538, 5539, 5540, 5541, 5543, 5544, 5545, 5546, 5547, 5548, 5549, 5550, 5554, 5555, 5557, 5558, 5559, 5560, 5561, 5562, 5563, 5564, 5565, 5566, 5567, 5568, 5569, 5570, 5571]"
5454,8,True,True,False,False,False,"[5455, 5456, 5480, 5493]"
5457,3,True,False,True,False,False,"[5458, 5459, 5464, 5496, 5499, 5525, 5534, 5549]"
5461,0,False,False,False,True,False,"[5462, 5467]"
5465,0,False,False,False,True,False,"[5466, 5515, 5516]"
5468,1,True,False,True,False,False,"[5469, 5470, 5471]"
5474,7,True,True,False,False,False,"[5475, 5476, 5478, 5552, 5562, 5566, 5567, 5572, 5583, 5588]"
5482,5,True,False,True,False,False,"[5483, 5484, 5485, 5486, 5491]"
5487,4,True,False,True,False,False,"[5488, 5489, 5490]"
5494,2,True,False,True,False,False,"[5495, 5498]"
5496,3,True,False,True,False,False,"[5497, 5499, 5525, 5534, 5549, 5589]"
5500,0,False,False,False,True,False,[5501]
5503,1,True,False,True,False,False,"[5504, 5505]"
5510,1,True,False,True,False,False,[5512]
5516,0,False,False,False,True,False,"[5517, 5586, 5597]"
5518,0,False,False,False,True,False,[]
5524,1,True,False,True,False,False,"[5526, 5531, 5532, 5623]"
5525,3,True,False,True,False,False,"[5534, 5535, 5549, 5589]"
5528,1,True,False,True,False,False,[5533]
5537,4,True,False,True,False,False,"[5538, 5539, 5561]"
5540,4,True,False,True,False,False,"[5541, 5546, 5559]"
5543,2,True,False,True,False,False,"[5544, 5545, 5564, 5571]"
5547,7,True,True,False,False,False,"[5548, 5560, 5603, 5608, 5635]"
5549,0,False,False,False,True,False,"[5550, 5589]"
5554,3,True,False,True,False,False,"[5555, 5557, 5667]"
5562,8,True,True,False,False,False,"[5563, 5566, 5567, 5572, 5583, 5588]"
5564,1,True,False,True,False,False,"[5565, 5571]"
5568,3,True,False,True,False,False,"[5569, 5570, 5578, 5582]"
5573,5,True,False,True,False,False,"[5574, 5575, 5580, 5660]"
5576,4,True,False,True,False,False,"[5577, 5579]"
5586,0,False,False,False,True,False,"[5587, 5597]"
5590,0,False,False,False,True,False,[5591]
5592,8,True,True,False,False,False,"[5593, 5594, 5607, 5638]"
5595,1,True,False,True,False,False,"[5596, 5606]"
5599,1,True,False,True,False,False,"[5600, 5605]"
5601,0,False,False,False,True,False,[5602]
5617,1,True,False,True,False,False,"[5618, 5619, 5624]"
5626,0,False,False,False,True,False,[5627]
5628,6,True,True,False,False,False,[5632]
5629,7,True,True,False,False,False,"[5630, 5631]"
5639,0,False,False,False,True,False,"[5640, 5641]"
5644,4,True,False,True,False,False,"[5645, 5648, 5649, 5658]"
5646,0,False,False,False,True,False,[5647]
5651,6,True,True,False,False,False,"[5652, 5654, 5655, 5656, 5660, 5661, 5673, 5674, 5678, 5725]"
5661,6,True,False,True,False,False,"[5662, 5664, 5673, 5674, 5678, 5725]"
5665,1,True,False,True,False,False,"[5666, 5669]"
5667,0,False,False,False,True,False,[5668]
5676,1,True,False,True,False,False,"[5677, 5679]"
5681,9,True,True,False,False,True,"[5682, 5684, 5685, 5689, 5694, 5695, 5696, 5697, 5698, 5702, 5707, 5712, 5713, 5714, 5717, 5718, 5720, 5721, 5722, 5723, 5725, 5726, 5733, 5734, 5735, 5736, 5737, 5740, 5741, 5746, 5748, 5749, 5756, 5758, 5759, 5760, 5761, 5762, 5765, 5769, 5772, 5776, 5777, 5783, 5784, 5785, 5786, 5787, 5790, 5793]"
5683,4,True,False,True,False,False,[5684]
5686,7,True,True,False,False,False,"[5687, 5689, 5694, 5698, 5770, 5772, 5777, 5786]"
5690,0,False,False,False,True,True,"[5691, 5697, 5741]"
5692,3,True,False,True,False,False,"[5693, 5695, 5696]"
5699,1,True,False,True,False,False,"[5700, 5702]"
5701,0,False,False,False,True,False,[]
5705,0,False,False,False,True,False,"[5706, 5719]"
5708,8,True,True,False,False,False,"[5709, 5714, 5718, 5720, 5722, 5776, 5787]"
5710,4,True,False,True,False,True,"[5711, 5712, 5713, 5717, 5724, 5767, 5800, 5810]"
5715,4,True,False,True,False,False,"[5716, 5721, 5723]"
5727,3,True,False,True,False,False,"[5735, 5736, 5756]"
5728,3,True,False,True,False,False,"[5729, 5734, 5737]"
5731,1,True,False,True,False,False,"[5732, 5733]"
5738,6,True,False,True,False,False,"[5739, 5746, 5748, 5759, 5762, 5765]"
5743,3,True,False,True,False,False,"[5744, 5749, 5761, 5769]"
5750,0,False,False,False,True,False,[5751]
5752,2,True,False,True,False,False,"[5753, 5758, 5760]"
5754,0,False,False,False,True,False,[5755]
5757,0,False,False,False,True,False,[]
5770,7,True,False,True,False,False,"[5771, 5772, 5773, 5777, 5786]"
5778,4,True,False,True,False,False,"[5779, 5783, 5784, 5790]"
5780,7,True,False,True,False,False,"[5781, 5782, 5785, 5817]"
5791,2,True,False,True,False,False,"[5792, 5793, 5897]"
5794,0,False,False,False,True,False,[5795]
5798,5,True,False,True,False,True,"[5799, 5809, 5819, 5820, 5821, 5827, 5852, 5882, 5884, 5904, 5909, 5915]"
5802,6,True,True,False,False,True,"[5803, 5804, 5805, 5806, 5807, 5808, 5812, 5813, 5814, 5815, 5816, 5817, 5818, 5819, 5821, 5822, 5823, 5824, 5825, 5826, 5827, 5828, 5829, 5830, 5831, 5832, 5838, 5843, 5845, 5847, 5852, 5853, 5854, 5856, 5857, 5859, 5870, 5871, 5872, 5873, 5874, 5875, 5876, 5878, 5880, 5881, 5882, 5883, 5884, 5885, 5886, 5887, 5888, 5890, 5891, 5893, 5894, 5896, 5897, 5898, 5900, 5901, 5902, 5903, 5905, 5906, 5907, 5909, 5910, 5912, 5913, 5914, 5919, 5923, 5924, 5925]"
5805,4,True,False,True,False,False,"[5806, 5853, 5883]"
5807,5,True,False,True,False,False,"[5808, 5832, 5880, 5891]"
5812,6,True,True,False,False,False,"[5813, 5816, 5822, 5831, 5881]"
5814,6,True,False,True,False,False,"[5815, 5818, 5823, 5828, 5914, 5930]"
5824,4,True,False,True,False,False,"[5825, 5830, 5857, 5874, 5931]"
5826,5,True,False,True,False,False,"[5829, 5843, 5872, 5890]"
5870,5,True,False,True,False,False,"[5871, 5873, 5878, 5879]"
5875,1,True,False,True,False,False,"[5876, 5877]"
5885,5,True,False,True,False,False,"[5886, 5923, 5929, 5947]"
5887,0,False,False,False,True,False,[5888]
5893,4,True,False,True,False,False,"[5894, 5896, 5900, 5906]"
5897,0,False,False,False,True,False,"[5898, 5899]"
5902,1,True,False,True,False,False,"[5903, 5907, 5908]"
5910,8,True,True,False,False,False,"[5913, 5925, 5926, 5950, 6013, 6023]"
5932,1,True,False,True,False,False,[5936]
5933,7,True,True,False,False,False,"[5934, 5937, 5946, 5949]"
5945,4,True,False,True,False,False,"[5953, 5961]"
5958,2,True,False,True,False,False,"[5959, 5960, 5962, 5967, 5969, 5971, 5986, 5991, 5995, 5998, 6003, 6009, 6017, 6019, 6031, 6038, 6041, 6044, 6047, 6057, 6058, 6059, 6061, 6063, 6065, 6071, 6075]"
5960,2,True,False,True,False,False,"[5963, 5968]"
5976,2,True,False,True,False,False,"[5977, 5979, 5982, 5983]"
5986,7,True,True,False,False,False,"[5987, 5988, 5990, 6001, 6008, 6026]"
5991,7,True,True,False,False,False,"[5992, 5993, 5994, 6016]"
5995,4,True,False,True,False,False,"[5996, 5997, 6000, 6007]"
5998,4,True,False,True,False,False,"[5999, 6006]"
6003,3,True,False,True,False,False,"[6004, 6005, 6012]"
6009,2,True,False,True,False,False,"[6010, 6011]"
6017,0,False,False,False,True,False,[6018]
6019,0,False,False,False,True,False,[6020]
6029,5,True,True,False,False,False,"[6030, 6031, 6032, 6036, 6042, 6045, 6048, 6052, 6057, 6058, 6059, 6062, 6064, 6066, 6071, 6074, 6076, 6077, 6079, 6080, 6081, 6083, 6085, 6088, 6089, 6092, 6097, 6099, 6103, 6107, 6108, 6109, 6111, 6118, 6122, 6124, 6130, 6139, 6141, 6148]"
6038,1,True,False,True,False,False,[6040]
6041,1,True,False,True,False,False,"[6042, 6043, 6158, 6160, 6161]"
6044,1,True,False,True,False,False,"[6045, 6046, 6058, 6061, 6067]"
6047,4,True,False,True,False,False,"[6048, 6053]"
6051,1,True,False,True,False,False,"[6052, 6054]"
6061,1,True,False,True,False,False,"[6062, 6067]"
6063,1,True,False,True,False,False,"[6064, 6070]"
6065,4,True,False,True,False,False,"[6066, 6068, 6069]"
6073,0,False,False,False,True,False,[6074]
6075,7,True,True,False,False,True,"[6076, 6080, 6081, 6083, 6084, 6085, 6087, 6088, 6090, 6091, 6092, 6094, 6095, 6098, 6099, 6100, 6101, 6102, 6104, 6105, 6106, 6107, 6110, 6111, 6112, 6113, 6114, 6116, 6117, 6118, 6119, 6120, 6121, 6122, 6123, 6124, 6125, 6128, 6129, 6130, 6131, 6134, 6137, 6138, 6139, 6140, 6141, 6142, 6143, 6144, 6145, 6155, 6158, 6159, 6161, 6162, 6163, 6171, 6172, 6173, 6174, 6176, 6178, 6179, 6181, 6182, 6183, 6184, 6185, 6187, 6188, 6189, 6190, 6191, 6192, 6194]"
6080,7,True,False,True,False,False,"[6081, 6083, 6122]"
6084,6,True,True,False,False,False,"[6085, 6086, 6090, 6102, 6105, 6116]"
6087,1,True,False,True,False,False,"[6088, 6095]"
6091,6,True,True,False,False,False,"[6092, 6094, 6101, 6104, 6120]"
6098,5,True,False,True,False,False,"[6099, 6100, 6121]"
6106,4,True,False,True,False,False,"[6107, 6113, 6119]"
6110,5,True,False,True,False,False,"[6111, 6112, 6114, 6134]"
6117,2,True,False,True,False,False,"[6118, 6128, 6131]"
6123,3,True,False,True,False,False,"[6124, 6125]"
6129,0,False,False,False,True,False,[6130]
6138,4,True,False,True,False,False,"[6139, 6142, 6145, 6155]"
6140,7,True,True,False,False,False,"[6141, 6143, 6144, 6199]"
6158,1,True,False,True,False,False,"[6159, 6160, 6161]"
6162,0,False,False,False,True,False,"[6163, 6164]"
6171,1,True,False,True,False,False,"[6172, 6186]"
6173,1,True,False,True,False,False,"[6174, 6176]"
6178,5,True,True,False,False,False,"[6179, 6185, 6188, 6192]"
6181,5,True,True,False,False,False,"[6182, 6196, 6212]"
6183,6,True,True,False,False,False,"[6184, 6187, 6191, 6198, 6206, 6225]"
6189,7,True,True,False,False,False,"[6190, 6197, 6200, 6217]"
6204,7,True,False,True,False,False,"[6205, 6209, 6219, 6220, 6223, 6300, 6322]"
6207,4,True,False,True,False,False,"[6208, 6218, 6224]"
6210,1,True,False,True,False,True,"[6211, 6213, 6237, 6241, 6242]"
6214,5,True,False,True,False,False,"[6215, 6216, 6230]"
6221,1,True,False,True,False,False,"[6222, 6226]"
6228,0,False,False,False,True,False,[6229]
6243,0,False,False,False,True,False,"[6244, 6246]"
6247,0,False,False,False,True,True,"[6248, 6252]"
6249,6,True,False,True,False,False,"[6250, 6251, 6255, 6258]"
6253,5,True,False,True,False,False,"[6254, 6260, 6263, 6276]"
6256,4,True,False,True,False,False,"[6257, 6259, 6264, 6277]"
6261,3,True,False,True,False,False,"[6262, 6267, 6278]"
6265,0,False,False,False,True,False,"[6266, 6268]"
6270,7,True,True,False,False,False,"[6271, 6272, 6282, 6290, 6293, 6300, 6306, 6319, 6327, 6332, 6338, 6344, 6354, 6360, 6383, 6386, 6387]"
6274,5,True,False,True,False,False,"[6275, 6279]"
6280,0,False,False,False,True,False,[6281]
6284,0,False,False,False,True,False,"[6285, 6292]"
6288,0,False,False,False,True,False,"[6289, 6291]"
6294,6,True,True,False,False,False,"[6295, 6296, 6305, 6341]"
6298,4,True,False,True,False,False,"[6299, 6300, 6302, 6304, 6307, 6309, 6311, 6313, 6315, 6321, 6324, 6328, 6340, 6343, 6350, 6352, 6353, 6359, 6364, 6375, 6377, 6381, 6383, 6389, 6394, 6398, 6401, 6407, 6409, 6412, 6416, 6417]"
6301,5,True,False,True,False,False,"[6302, 6303, 6320, 6339, 6347, 6372]"
6306,6,True,True,False,False,False,"[6307, 6319, 6332, 6399, 6418]"
6308,4,True,False,True,False,False,"[6309, 6318]"
6312,6,True,True,False,False,False,"[6313, 6326, 6333, 6383, 6386, 6387, 6399, 6407, 6417, 6418, 6421, 6423, 6424, 6430]"
6314,4,True,False,True,False,False,"[6315, 6317, 6325, 6336]"
6323,5,True,False,True,False,False,"[6324, 6330, 6335, 6369]"
6327,3,True,False,True,False,False,"[6328, 6329, 6334]"
6342,3,True,False,True,False,False,"[6343, 6357, 6367, 6371]"
6345,1,True,False,True,False,False,"[6346, 6348]"
6349,6,True,True,False,False,False,"[6350, 6366, 6370]"
6351,1,True,False,True,False,False,"[6352, 6365, 6428, 6442]"
6355,0,False,False,False,True,False,[6438]
6363,1,True,False,True,False,False,"[6364, 6368]"
6374,3,True,False,True,False,False,"[6375, 6392, 6406, 6422]"
6376,1,True,False,True,False,False,"[6377, 6385, 6464]"
6378,0,False,False,False,True,False,[6379]
6380,3,True,False,True,False,False,"[6381, 6382, 6384]"
6388,4,True,False,True,False,False,"[6389, 6391, 6396, 6405]"
6393,0,False,False,False,True,False,"[6394, 6395]"
6397,4,True,False,True,False,False,"[6398, 6413]"
6400,7,True,True,False,False,False,"[6401, 6402, 6410, 6470, 6471, 6482]"
6408,3,True,False,True,False,False,"[6409, 6414]"
6411,0,False,False,False,True,False,[6412]
6415,0,False,False,False,True,False,"[6416, 6419]"
6425,6,True,True,False,False,False,"[6426, 6427, 6443, 6459, 6515]"
6428,0,False,False,False,True,False,"[6429, 6442]"
6431,1,True,False,True,False,False,"[6432, 6441]"
6433,2,True,False,True,False,False,"[6434, 6435, 6440]"
6435,1,True,False,True,False,False,"[6436, 6439]"
6447,0,False,False,False,True,False,"[6448, 6453]"
6451,0,False,False,False,True,False,[6452]
6455,0,False,False,False,True,True,"[6456, 6461, 6464, 6465, 6489, 6524, 6534]"
6457,0,False,False,False,True,False,"[6458, 6460]"
6466,4,True,False,True,False,False,"[6467, 6473, 6481, 6494, 6503]"
6468,4,True,False,True,False,False,"[6469, 6472, 6480, 6488]"
6474,5,True,False,True,False,False,"[6475, 6478, 6502, 6507]"
6476,4,True,False,True,False,False,"[6477, 6479, 6490, 6493, 6501]"
6484,3,True,False,True,False,False,"[6485, 6491]"
6486,2,True,False,True,False,False,"[6487, 6492, 6499, 6535]"
6495,1,True,False,True,False,False,"[6496, 6505]"
6497,0,False,False,False,True,True,"[6498, 6504]"
6509,0,False,False,False,True,False,"[6510, 6512, 6513, 6514, 6516, 6519, 6538, 6548, 6558, 6566, 6576, 6587, 6588]"
6517,3,True,False,True,False,False,"[6518, 6521]"
6519,0,False,False,False,True,False,"[6538, 6548, 6558, 6566, 6576, 6587, 6588]"
6527,1,True,False,True,False,False,"[6528, 6531]"
6529,1,True,False,True,False,False,"[6530, 6532, 6535, 6550, 6552, 6554, 6558, 6559, 6563, 6565, 6566, 6567, 6572, 6574, 6583, 6585, 6587, 6591, 6611, 6613, 6615, 6620, 6624, 6626, 6631, 6637, 6640, 6647, 6650]"
6539,0,False,False,False,True,False,[6541]
6551,7,True,True,False,False,False,"[6552, 6555, 6557]"
6553,6,True,False,True,False,False,"[6554, 6556, 6570]"
6562,0,False,False,False,True,False,"[6563, 6568]"
6564,0,False,False,False,True,False,"[6565, 6625]"
6573,6,True,True,False,False,False,"[6574, 6575]"
6582,2,True,False,True,False,True,"[6583, 6589, 6592, 6596, 6607, 6635, 6636, 6642, 6645, 6664, 6676, 6683, 6700]"
6584,0,False,False,False,True,True,"[6585, 6590, 6592, 6594, 6610, 6612, 6614, 6619, 6623, 6625, 6634, 6636, 6639, 6646, 6649, 6651, 6653, 6658, 6660, 6662, 6666, 6668, 6670, 6674, 6675, 6676, 6677, 6679, 6684, 6686, 6689, 6695, 6699, 6700, 6702, 6704, 6706]"
6590,0,False,False,False,True,False,"[6591, 6593]"
6594,1,True,False,True,False,False,"[6595, 6597, 6675]"
6610,5,True,False,True,False,False,"[6611, 6618, 6627, 6628]"
6612,6,True,True,False,False,False,"[6613, 6616, 6622, 6633, 6648, 6657]"
6614,0,False,False,False,True,False,"[6615, 6621]"
6619,1,True,False,True,False,False,"[6620, 6629]"
6623,3,True,False,True,False,False,"[6624, 6630, 6638, 6644]"
6625,0,False,False,False,True,False,"[6626, 6702]"
6636,2,True,False,True,False,True,"[6637, 6642, 6645, 6664, 6676, 6683, 6700, 6711, 6720, 6733, 6739, 6750]"
6639,2,True,False,True,False,False,"[6640, 6641, 6643]"
6646,0,False,False,False,True,False,[6647]
6651,0,False,False,False,True,False,[6652]
6653,0,False,False,False,True,False,[6654]
6660,0,False,False,False,True,False,[6661]
6662,1,True,False,True,False,False,"[6663, 6665]"
6666,0,False,False,False,True,False,[6667]
6668,2,True,False,True,False,False,"[6669, 6672, 6673]"
6670,1,True,False,True,False,False,"[6671, 6678, 6690, 6703, 6705, 6707, 6714, 6717, 6729, 6731, 6737, 6742, 6744, 6746, 6753, 6755, 6758, 6761, 6764, 6766, 6771, 6776, 6778, 6781, 6784, 6788]"
6675,0,False,False,False,True,False,[]
6679,6,True,True,False,False,False,"[6680, 6681, 6688, 6694]"
6684,0,False,False,False,True,False,"[6685, 6691, 6751]"
6686,4,True,False,True,False,False,"[6687, 6693, 6696, 6697, 6777, 6786, 6799, 6806]"
6689,6,True,True,False,False,False,"[6690, 6692, 6698, 6701]"
6702,0,False,False,False,True,False,[6703]
6704,1,True,False,True,False,False,"[6705, 6709, 6719, 6724, 6727, 6738, 6749, 6759, 6789, 6795, 6813, 6817, 6821, 6823, 6825]"
6706,1,True,False,True,False,False,"[6707, 6712, 6795]"
6713,0,False,False,False,True,False,[6714]
6716,1,True,False,True,False,False,"[6717, 6718]"
6726,0,False,False,False,True,False,[]
6728,0,False,False,False,True,False,[6729]
6730,6,True,True,False,False,False,"[6731, 6732, 6734, 6740, 6811, 6818, 6826, 6845]"
6736,0,False,False,False,True,False,[6737]
6741,0,False,False,False,True,False,[6742]
6743,0,False,False,False,True,False,[6744]
6745,1,True,False,True,False,False,"[6746, 6747, 6748]"
6752,1,True,False,True,False,False,"[6753, 6756]"
6754,0,False,False,False,True,False,[6755]
6757,2,True,False,True,False,False,"[6758, 6762, 6769]"
6760,0,False,False,False,True,False,"[6761, 6768, 6791]"
6763,6,True,True,False,False,False,"[6764, 6765, 6766, 6767, 6769, 6770, 6771, 6772, 6773, 6775, 6776, 6777, 6778, 6779, 6780, 6781, 6782, 6783, 6784, 6785, 6786, 6787, 6788, 6789, 6790, 6791, 6792, 6793, 6794, 6796, 6798, 6799, 6800, 6801, 6802, 6803, 6804, 6805, 6806, 6807, 6808, 6809, 6810, 6811, 6812, 6813, 6814, 6815, 6816, 6817, 6818, 6819, 6820, 6821, 6822, 6823, 6824, 6825, 6826, 6827, 6828, 6829, 6830, 6831, 6832, 6833, 6834, 6835, 6836, 6837, 6838, 6839, 6840, 6841, 6842, 6843, 6844, 6845, 6846, 6847, 6848, 6849, 6850, 6851, 6852, 6853, 6854, 6855, 6856, 6857, 6858, 6859, 6860, 6861, 6862, 6864, 6865, 6866, 6867, 6868, 6869, 6870, 6871, 6872, 6873, 6874, 6875, 6876, 6877, 6878, 6879, 6881, 6882, 6883, 6884]"
6765,0,False,False,False,True,False,[6766]
6770,5,True,True,False,False,False,"[6771, 6772, 6773, 6779]"
6775,3,True,False,True,False,False,"[6776, 6800, 6805, 6814]"
6777,6,True,True,False,False,False,"[6778, 6786, 6799, 6806, 6810]"
6780,1,True,False,True,False,False,"[6781, 6782]"
6783,4,True,True,False,False,False,"[6784, 6785, 6801, 6807, 6809, 6816, 6835, 6836]"
6787,1,True,False,True,False,False,"[6788, 6798]"
6791,0,False,False,False,True,False,[6792]
6793,0,False,False,False,True,False,[6794]
6801,6,True,False,True,False,False,"[6802, 6807, 6809, 6816, 6835, 6836]"
6803,4,True,False,True,False,False,"[6804, 6808, 6815]"
6811,6,True,True,False,False,False,"[6812, 6818, 6826, 6845]"
6819,0,False,False,False,True,False,"[6820, 6823, 6824, 6827, 6828, 6829, 6830, 6832, 6833, 6837, 6838, 6839, 6840, 6846, 6847, 6848, 6849, 6851, 6852, 6853, 6854, 6856, 6857, 6860, 6861, 6864, 6865, 6867, 6868, 6874, 6875, 6882, 6883, 6884, 6885, 6891, 6892, 6897, 6898, 6903, 6904, 6906, 6907, 6908, 6909, 6913, 6914, 6915, 6916, 6918, 6919, 6920, 6921, 6924, 6925, 6927, 6928, 6935, 6936, 6940]"
6823,1,True,False,True,False,False,"[6824, 6825, 6858, 6869, 6895, 6900, 6930]"
6827,0,False,False,False,True,False,"[6828, 6859, 6887, 6899, 6931]"
6829,1,True,False,True,False,False,"[6830, 6831]"
6832,4,True,True,False,False,False,"[6833, 6834, 6844]"
6837,0,False,False,False,True,False,"[6838, 6901, 6920]"
6839,1,True,False,True,False,False,"[6840, 6841]"
6846,1,True,False,True,False,False,"[6847, 6850]"
6848,0,False,False,False,True,False,"[6849, 6851, 6853, 6856, 6860, 6864, 6867, 6869, 6874, 6882, 6884, 6887, 6891, 6897, 6899, 6903, 6906, 6908, 6910, 6911, 6913, 6915, 6918, 6920, 6924, 6927, 6935, 6940, 6943, 6947, 6949, 6957, 6965, 6968]"
6851,5,True,True,False,False,False,"[6852, 6853, 6855, 6870, 6877]"
6853,5,True,True,False,False,False,"[6854, 6855, 6870, 6877]"
6856,3,True,False,True,False,False,"[6857, 6862]"
6860,0,False,False,False,True,False,"[6861, 6863]"
6864,5,True,True,False,False,False,"[6865, 6866, 6872, 6873, 6878]"
6867,3,True,False,True,False,False,"[6868, 6871, 6876, 6881]"
6874,6,True,True,False,False,False,"[6875, 6879, 6886, 6890]"
6882,6,True,True,False,False,False,"[6883, 6889, 6896, 6975, 6983]"
6884,6,True,True,False,False,False,"[6885, 6888]"
6891,6,True,False,True,False,False,"[6892, 6893, 6894]"
6897,2,True,False,True,False,False,"[6898, 6905, 6912]"
6903,0,False,False,False,True,False,[6904]
6906,0,False,False,False,True,False,"[6907, 6910]"
6908,0,False,False,False,True,False,"[6909, 6911]"
6913,3,True,False,True,False,False,"[6914, 6916, 6919, 6921, 6923, 6925, 6926, 6928, 6932, 6936, 6941, 6944, 6948, 6950, 6958, 6966, 6969, 6976, 6978, 6981, 6992, 6995, 6997, 6999]"
6915,1,True,False,True,False,False,"[6916, 6917]"
6918,0,False,False,False,True,False,[6919]
6920,0,False,False,False,True,False,"[6921, 6922]"
6924,3,True,False,True,False,False,"[6925, 6929, 6933, 6937]"
6927,2,True,False,True,False,False,"[6928, 6934, 6938]"
6935,1,True,False,True,False,False,"[6936, 6939]"
6940,7,True,True,False,False,False,"[6941, 6942, 6946, 6956, 6967]"
6943,4,True,False,True,False,False,"[6944, 6953, 6963]"
6947,6,True,True,False,False,True,"[6948, 6951, 6952, 6953, 6954, 6956, 6960, 6961, 6962, 6963, 6967, 6970, 6971, 6973, 6979, 6982, 6983, 6988, 6993, 7000, 7001]"
6949,3,True,False,True,False,False,"[6950, 6951, 6961]"
6957,1,True,False,True,False,False,"[6958, 6960]"
6965,2,True,False,True,False,False,"[6966, 6970]"
6968,4,True,False,True,False,False,"[6969, 6971]"
6975,1,True,False,True,False,False,"[6976, 6983]"
6977,2,True,False,True,False,False,"[6978, 6982, 6988]"
6980,0,False,False,False,True,False,[6981]
6986,0,False,False,False,True,False,[6987]
6991,3,True,False,True,False,False,"[6992, 6993]"
6994,0,False,False,False,True,False,[6995]
6996,2,True,False,True,False,False,"[6997, 7000, 7001]"
6998,0,False,False,False,True,False,[6999]
